slugSeason,idTeam,idPlayer,typeGrid,namePlayer,nameTeam,typeEvent,typeAction,typeShot,dateGame,slugTeamHome,slugTeamAway,idGame,idEvent,numberPeriod,minutesRemaining,yearSeason,zoneBasic,nameZone,slugZone,zoneRange,locationX,locationY,secondsRemaining,distanceShot,isShotAttempted,isShotMade
2017-18,1610612750,1626145,Shot Chart Detail,Tyus Jones,Minnesota Timberwolves,Made Shot,Running Layup Shot,2PT Field Goal,20171018,SAS,MIN,21700011,193,2,9,2018,Restricted Area,Center,C,Less Than 8 ft.,11,8,56,1,TRUE,TRUE
2017-18,1610612750,1626145,Shot Chart Detail,Tyus Jones,Minnesota Timberwolves,Missed Shot,Pullup Jump shot,2PT Field Goal,20171018,SAS,MIN,21700011,534,4,8,2018,Mid-Range,Right Side Center,RC,16-24 ft.,101,132,26,16,TRUE,FALSE
2017-18,1610612750,1626145,Shot Chart Detail,Tyus Jones,Minnesota Timberwolves,Missed Shot,Pullup Jump shot,2PT Field Goal,20171018,SAS,MIN,21700011,602,4,2,2018,In The Paint (Non-RA),Center,C,8-16 ft.,40,130,12,13,TRUE,FALSE
2017-18,1610612750,1626145,Shot Chart Detail,Tyus Jones,Minnesota Timberwolves,Missed Shot,Jump Shot,3PT Field Goal,20171020,MIN,UTA,21700023,197,2,6,2018,Above the Break 3,Right Side Center,RC,24+ ft.,174,172,10,24,TRUE,FALSE
2017-18,1610612750,1626145,Shot Chart Detail,Tyus Jones,Minnesota Timberwolves,Missed Shot,Jump Shot,3PT Field Goal,20171020,MIN,UTA,21700023,203,2,4,2018,Right Corner 3,Right Side,R,24+ ft.,233,-5,58,23,TRUE,FALSE
2017-18,1610612750,1626145,Shot Chart Detail,Tyus Jones,Minnesota Timberwolves,Missed Shot,Running Jump Shot,3PT Field Goal,20171024,MIN,IND,21700052,458,3,0,2018,Above the Break 3,Center,C,24+ ft.,-20,256,0,25,TRUE,FALSE
2017-18,1610612750,1626145,Shot Chart Detail,Tyus Jones,Minnesota Timberwolves,Made Shot,Jump Bank Shot,2PT Field Goal,20171025,DET,MIN,21700056,137,1,0,2018,Mid-Range,Left Side,L,8-16 ft.,-95,-4,54,9,TRUE,TRUE
2017-18,1610612750,1626145,Shot Chart Detail,Tyus Jones,Minnesota Timberwolves,Missed Shot,Jump Shot,3PT Field Goal,20171025,DET,MIN,21700056,167,2,10,2018,Above the Break 3,Right Side Center,RC,24+ ft.,158,208,9,26,TRUE,FALSE
2017-18,1610612750,1626145,Shot Chart Detail,Tyus Jones,Minnesota Timberwolves,Missed Shot,Jump Shot,2PT Field Goal,20171025,DET,MIN,21700056,514,4,9,2018,Mid-Range,Right Side,R,8-16 ft.,103,57,17,11,TRUE,FALSE
2017-18,1610612750,1626145,Shot Chart Detail,Tyus Jones,Minnesota Timberwolves,Made Shot,Pullup Jump shot,2PT Field Goal,20171025,DET,MIN,21700056,529,4,8,2018,Mid-Range,Center,C,16-24 ft.,20,174,20,17,TRUE,TRUE
2017-18,1610612750,1626145,Shot Chart Detail,Tyus Jones,Minnesota Timberwolves,Missed Shot,Jump Shot,3PT Field Goal,20171027,MIN,OKC,21700074,168,1,0,2018,Backcourt,Back Court,BC,Back Court Shot,9,662,0,66,TRUE,FALSE
2017-18,1610612750,1626145,Shot Chart Detail,Tyus Jones,Minnesota Timberwolves,Missed Shot,Jump Shot,2PT Field Goal,20171027,MIN,OKC,21700074,524,4,10,2018,In The Paint (Non-RA),Center,C,Less Than 8 ft.,55,36,48,6,TRUE,FALSE
2017-18,1610612750,1626145,Shot Chart Detail,Tyus Jones,Minnesota Timberwolves,Made Shot,Driving Layup Shot,2PT Field Goal,20171030,MIA,MIN,21700093,171,2,9,2018,In The Paint (Non-RA),Center,C,Less Than 8 ft.,38,20,43,4,TRUE,TRUE
2017-18,1610612750,1626145,Shot Chart Detail,Tyus Jones,Minnesota Timberwolves,Made Shot,Jump Shot,3PT Field Goal,20171030,MIA,MIN,21700093,201,2,8,2018,Above the Break 3,Right Side Center,RC,24+ ft.,165,209,1,26,TRUE,TRUE
2017-18,1610612750,1626145,Shot Chart Detail,Tyus Jones,Minnesota Timberwolves,Missed Shot,Driving Layup Shot,2PT Field Goal,20171030,MIA,MIN,21700093,203,2,7,2018,In The Paint (Non-RA),Center,C,Less Than 8 ft.,-34,29,33,4,TRUE,FALSE
2017-18,1610612750,1626145,Shot Chart Detail,Tyus Jones,Minnesota Timberwolves,Missed Shot,Jump Shot,2PT Field Goal,20171030,MIA,MIN,21700093,496,4,10,2018,In The Paint (Non-RA),Center,C,Less Than 8 ft.,-38,53,10,6,TRUE,FALSE
2017-18,1610612750,1626145,Shot Chart Detail,Tyus Jones,Minnesota Timberwolves,Made Shot,Driving Layup Shot,2PT Field Goal,20171101,NOP,MIN,21700113,540,4,8,2018,Restricted Area,Center,C,Less Than 8 ft.,-17,18,16,2,TRUE,TRUE
2017-18,1610612750,1626145,Shot Chart Detail,Tyus Jones,Minnesota Timberwolves,Made Shot,Jump Shot,3PT Field Goal,20171104,MIN,DAL,21700134,165,2,9,2018,Above the Break 3,Center,C,24+ ft.,25,240,56,24,TRUE,TRUE
2017-18,1610612750,1626145,Shot Chart Detail,Tyus Jones,Minnesota Timberwolves,Made Shot,Jump Shot,3PT Field Goal,20171104,MIN,DAL,21700134,172,2,9,2018,Above the Break 3,Left Side Center,LC,24+ ft.,-221,111,29,24,TRUE,TRUE
2017-18,1610612750,1626145,Shot Chart Detail,Tyus Jones,Minnesota Timberwolves,Made Shot,Jump Shot,3PT Field Goal,20171104,MIN,DAL,21700134,462,3,0,2018,Above the Break 3,Left Side Center,LC,24+ ft.,-119,225,6,25,TRUE,TRUE
2017-18,1610612750,1626145,Shot Chart Detail,Tyus Jones,Minnesota Timberwolves,Missed Shot,Running Jump Shot,2PT Field Goal,20171104,MIN,DAL,21700134,488,4,10,2018,In The Paint (Non-RA),Left Side,L,8-16 ft.,-76,79,40,10,TRUE,FALSE
2017-18,1610612750,1626145,Shot Chart Detail,Tyus Jones,Minnesota Timberwolves,Missed Shot,Floating Jump shot,2PT Field Goal,20171105,MIN,CHA,21700143,145,2,10,2018,In The Paint (Non-RA),Center,C,Less Than 8 ft.,12,78,5,7,TRUE,FALSE
2017-18,1610612750,1626145,Shot Chart Detail,Tyus Jones,Minnesota Timberwolves,Missed Shot,Running Jump Shot,2PT Field Goal,20171105,MIN,CHA,21700143,585,4,3,2018,Mid-Range,Left Side,L,8-16 ft.,-85,112,9,14,TRUE,FALSE
2017-18,1610612750,1626145,Shot Chart Detail,Tyus Jones,Minnesota Timberwolves,Missed Shot,Jump Shot,3PT Field Goal,20171105,MIN,CHA,21700143,606,4,2,2018,Left Corner 3,Left Side,L,24+ ft.,-232,8,10,23,TRUE,FALSE
2017-18,1610612750,1626145,Shot Chart Detail,Tyus Jones,Minnesota Timberwolves,Made Shot,Driving Finger Roll Layup Shot,2PT Field Goal,20171108,GSW,MIN,21700163,181,2,10,2018,Restricted Area,Center,C,Less Than 8 ft.,-18,14,7,2,TRUE,TRUE
2017-18,1610612750,1626145,Shot Chart Detail,Tyus Jones,Minnesota Timberwolves,Missed Shot,Jump Shot,3PT Field Goal,20171108,GSW,MIN,21700163,201,2,8,2018,Left Corner 3,Left Side,L,24+ ft.,-225,0,10,22,TRUE,FALSE
2017-18,1610612750,1626145,Shot Chart Detail,Tyus Jones,Minnesota Timberwolves,Missed Shot,Pullup Jump shot,2PT Field Goal,20171108,GSW,MIN,21700163,220,2,6,2018,Mid-Range,Center,C,16-24 ft.,32,183,41,18,TRUE,FALSE
2017-18,1610612750,1626145,Shot Chart Detail,Tyus Jones,Minnesota Timberwolves,Made Shot,Driving Floating Jump Shot,2PT Field Goal,20171111,PHX,MIN,21700186,116,1,2,2018,Restricted Area,Center,C,Less Than 8 ft.,-5,29,53,2,TRUE,TRUE
2017-18,1610612750,1626145,Shot Chart Detail,Tyus Jones,Minnesota Timberwolves,Missed Shot,Driving Layup Shot,2PT Field Goal,20171111,PHX,MIN,21700186,502,4,11,2018,In The Paint (Non-RA),Center,C,Less Than 8 ft.,65,18,16,6,TRUE,FALSE
2017-18,1610612750,1626145,Shot Chart Detail,Tyus Jones,Minnesota Timberwolves,Missed Shot,Driving Layup Shot,2PT Field Goal,20171111,PHX,MIN,21700186,534,4,8,2018,Restricted Area,Center,C,Less Than 8 ft.,-2,5,54,0,TRUE,FALSE
2017-18,1610612750,1626145,Shot Chart Detail,Tyus Jones,Minnesota Timberwolves,Made Shot,Driving Layup Shot,2PT Field Goal,20171113,UTA,MIN,21700197,123,1,1,2018,Restricted Area,Center,C,Less Than 8 ft.,22,6,25,2,TRUE,TRUE
2017-18,1610612750,1626145,Shot Chart Detail,Tyus Jones,Minnesota Timberwolves,Missed Shot,Jump Bank Shot,2PT Field Goal,20171113,UTA,MIN,21700197,145,1,0,2018,Mid-Range,Left Side,L,8-16 ft.,-103,57,1,11,TRUE,FALSE
2017-18,1610612750,1626145,Shot Chart Detail,Tyus Jones,Minnesota Timberwolves,Made Shot,Driving Layup Shot,2PT Field Goal,20171113,UTA,MIN,21700197,185,2,9,2018,Restricted Area,Center,C,Less Than 8 ft.,20,25,3,3,TRUE,TRUE
2017-18,1610612750,1626145,Shot Chart Detail,Tyus Jones,Minnesota Timberwolves,Missed Shot,Running Jump Shot,2PT Field Goal,20171115,MIN,SAS,21700210,165,2,11,2018,In The Paint (Non-RA),Center,C,8-16 ft.,-7,91,23,9,TRUE,FALSE
2017-18,1610612750,1626145,Shot Chart Detail,Tyus Jones,Minnesota Timberwolves,Made Shot,Jump Shot,2PT Field Goal,20171115,MIN,SAS,21700210,186,2,9,2018,Mid-Range,Left Side,L,16-24 ft.,-186,8,2,18,TRUE,TRUE
2017-18,1610612750,1626145,Shot Chart Detail,Tyus Jones,Minnesota Timberwolves,Made Shot,Pullup Jump shot,2PT Field Goal,20171115,MIN,SAS,21700210,226,2,5,2018,Mid-Range,Center,C,16-24 ft.,-18,176,17,17,TRUE,TRUE
2017-18,1610612750,1626145,Shot Chart Detail,Tyus Jones,Minnesota Timberwolves,Missed Shot,Running Jump Shot,2PT Field Goal,20171115,MIN,SAS,21700210,461,4,10,2018,In The Paint (Non-RA),Center,C,8-16 ft.,-36,85,22,9,TRUE,FALSE
2017-18,1610612750,1626145,Shot Chart Detail,Tyus Jones,Minnesota Timberwolves,Missed Shot,Jump Shot,3PT Field Goal,20171115,MIN,SAS,21700210,481,4,8,2018,Left Corner 3,Left Side,L,24+ ft.,-228,19,42,22,TRUE,FALSE
2017-18,1610612750,1626145,Shot Chart Detail,Tyus Jones,Minnesota Timberwolves,Missed Shot,Driving Floating Jump Shot,2PT Field Goal,20171117,DAL,MIN,21700224,159,2,10,2018,Mid-Range,Left Side,L,8-16 ft.,-111,35,36,11,TRUE,FALSE
2017-18,1610612750,1626145,Shot Chart Detail,Tyus Jones,Minnesota Timberwolves,Missed Shot,Jump Shot,3PT Field Goal,20171117,DAL,MIN,21700224,163,2,10,2018,Above the Break 3,Right Side Center,RC,24+ ft.,223,109,12,24,TRUE,FALSE
2017-18,1610612750,1626145,Shot Chart Detail,Tyus Jones,Minnesota Timberwolves,Made Shot,Driving Floating Bank Jump Shot,2PT Field Goal,20171117,DAL,MIN,21700224,458,4,11,2018,In The Paint (Non-RA),Left Side,L,8-16 ft.,-73,62,3,9,TRUE,TRUE
2017-18,1610612750,1626145,Shot Chart Detail,Tyus Jones,Minnesota Timberwolves,Missed Shot,Fadeaway Jump Shot,2PT Field Goal,20171117,DAL,MIN,21700224,485,4,8,2018,In The Paint (Non-RA),Left Side,L,8-16 ft.,-72,76,56,10,TRUE,FALSE
2017-18,1610612750,1626145,Shot Chart Detail,Tyus Jones,Minnesota Timberwolves,Missed Shot,Jump Shot,3PT Field Goal,20171120,CHA,MIN,21700241,167,2,10,2018,Above the Break 3,Right Side Center,RC,24+ ft.,104,237,2,25,TRUE,FALSE
2017-18,1610612750,1626145,Shot Chart Detail,Tyus Jones,Minnesota Timberwolves,Made Shot,Running Finger Roll Layup Shot,2PT Field Goal,20171120,CHA,MIN,21700241,185,2,7,2018,Restricted Area,Center,C,Less Than 8 ft.,8,14,41,1,TRUE,TRUE
2017-18,1610612750,1626145,Shot Chart Detail,Tyus Jones,Minnesota Timberwolves,Missed Shot,Driving Layup Shot,2PT Field Goal,20171120,CHA,MIN,21700241,451,4,10,2018,Restricted Area,Center,C,Less Than 8 ft.,26,29,48,3,TRUE,FALSE
2017-18,1610612750,1626145,Shot Chart Detail,Tyus Jones,Minnesota Timberwolves,Missed Shot,Jump Shot,3PT Field Goal,20171122,MIN,ORL,21700261,149,1,0,2018,Above the Break 3,Left Side Center,LC,24+ ft.,-167,193,0,25,TRUE,FALSE
2017-18,1610612750,1626145,Shot Chart Detail,Tyus Jones,Minnesota Timberwolves,Missed Shot,Jump Shot,3PT Field Goal,20171122,MIN,ORL,21700261,515,4,11,2018,Left Corner 3,Left Side,L,24+ ft.,-228,16,17,22,TRUE,FALSE
2017-18,1610612750,1626145,Shot Chart Detail,Tyus Jones,Minnesota Timberwolves,Made Shot,Jump Shot,3PT Field Goal,20171124,MIN,MIA,21700272,96,1,3,2018,Above the Break 3,Right Side Center,RC,24+ ft.,114,216,17,24,TRUE,TRUE
2017-18,1610612750,1626145,Shot Chart Detail,Tyus Jones,Minnesota Timberwolves,Made Shot,Driving Layup Shot,2PT Field Goal,20171124,MIN,MIA,21700272,174,2,9,2018,Restricted Area,Center,C,Less Than 8 ft.,-6,5,57,0,TRUE,TRUE
2017-18,1610612750,1626145,Shot Chart Detail,Tyus Jones,Minnesota Timberwolves,Made Shot,Jump Shot,3PT Field Goal,20171124,MIN,MIA,21700272,365,3,5,2018,Above the Break 3,Center,C,24+ ft.,30,253,48,25,TRUE,TRUE
2017-18,1610612750,1626145,Shot Chart Detail,Tyus Jones,Minnesota Timberwolves,Missed Shot,Jump Shot,2PT Field Goal,20171124,MIN,MIA,21700272,576,4,0,2018,In The Paint (Non-RA),Right Side,R,8-16 ft.,79,41,36,8,TRUE,FALSE
2017-18,1610612750,1626145,Shot Chart Detail,Tyus Jones,Minnesota Timberwolves,Missed Shot,Jump Shot,3PT Field Goal,20171124,MIN,MIA,21700272,578,4,0,2018,Right Corner 3,Right Side,R,24+ ft.,225,20,31,22,TRUE,FALSE
2017-18,1610612750,1626145,Shot Chart Detail,Tyus Jones,Minnesota Timberwolves,Missed Shot,Floating Jump shot,2PT Field Goal,20171124,MIN,MIA,21700272,587,4,0,2018,Mid-Range,Left Side,L,8-16 ft.,-103,39,10,11,TRUE,FALSE
2017-18,1610612750,1626145,Shot Chart Detail,Tyus Jones,Minnesota Timberwolves,Missed Shot,Jump Shot,3PT Field Goal,20171126,MIN,PHX,21700288,43,1,7,2018,Left Corner 3,Left Side,L,24+ ft.,-225,25,26,22,TRUE,FALSE
2017-18,1610612750,1626145,Shot Chart Detail,Tyus Jones,Minnesota Timberwolves,Made Shot,Floating Jump shot,2PT Field Goal,20171126,MIN,PHX,21700288,47,1,7,2018,In The Paint (Non-RA),Center,C,8-16 ft.,-33,80,6,8,TRUE,TRUE
2017-18,1610612750,1626145,Shot Chart Detail,Tyus Jones,Minnesota Timberwolves,Made Shot,Cutting Layup Shot,2PT Field Goal,20171126,MIN,PHX,21700288,63,1,5,2018,Restricted Area,Center,C,Less Than 8 ft.,2,10,6,1,TRUE,TRUE
2017-18,1610612750,1626145,Shot Chart Detail,Tyus Jones,Minnesota Timberwolves,Made Shot,Jump Shot,3PT Field Goal,20171126,MIN,PHX,21700288,343,3,9,2018,Above the Break 3,Left Side Center,LC,24+ ft.,-100,225,28,24,TRUE,TRUE
2017-18,1610612750,1626145,Shot Chart Detail,Tyus Jones,Minnesota Timberwolves,Missed Shot,Driving Layup Shot,2PT Field Goal,20171126,MIN,PHX,21700288,434,3,2,2018,Restricted Area,Center,C,Less Than 8 ft.,-5,17,48,1,TRUE,FALSE
2017-18,1610612750,1626145,Shot Chart Detail,Tyus Jones,Minnesota Timberwolves,Missed Shot,Jump Shot,3PT Field Goal,20171126,MIN,PHX,21700288,592,4,2,2018,Left Corner 3,Left Side,L,24+ ft.,-231,13,17,23,TRUE,FALSE
2017-18,1610612750,1626145,Shot Chart Detail,Tyus Jones,Minnesota Timberwolves,Made Shot,Driving Layup Shot,2PT Field Goal,20171128,MIN,WAS,21700300,34,1,7,2018,Restricted Area,Center,C,Less Than 8 ft.,0,14,50,1,TRUE,TRUE
2017-18,1610612750,1626145,Shot Chart Detail,Tyus Jones,Minnesota Timberwolves,Missed Shot,Jump Shot,3PT Field Goal,20171128,MIN,WAS,21700300,61,1,4,2018,Left Corner 3,Left Side,L,24+ ft.,-230,-7,52,23,TRUE,FALSE
2017-18,1610612750,1626145,Shot Chart Detail,Tyus Jones,Minnesota Timberwolves,Made Shot,Pullup Jump shot,3PT Field Goal,20171128,MIN,WAS,21700300,265,2,1,2018,Above the Break 3,Left Side Center,LC,24+ ft.,-98,235,48,25,TRUE,TRUE
2017-18,1610612750,1626145,Shot Chart Detail,Tyus Jones,Minnesota Timberwolves,Missed Shot,Jump Shot,3PT Field Goal,20171128,MIN,WAS,21700300,301,3,11,2018,Above the Break 3,Left Side Center,LC,24+ ft.,-99,260,25,27,TRUE,FALSE
2017-18,1610612750,1626145,Shot Chart Detail,Tyus Jones,Minnesota Timberwolves,Missed Shot,Jump Shot,3PT Field Goal,20171128,MIN,WAS,21700300,329,3,9,2018,Above the Break 3,Center,C,24+ ft.,76,242,20,25,TRUE,FALSE
2017-18,1610612750,1626145,Shot Chart Detail,Tyus Jones,Minnesota Timberwolves,Made Shot,Jump Shot,2PT Field Goal,20171128,MIN,WAS,21700300,339,3,8,2018,In The Paint (Non-RA),Center,C,8-16 ft.,-9,112,8,11,TRUE,TRUE
2017-18,1610612750,1626145,Shot Chart Detail,Tyus Jones,Minnesota Timberwolves,Missed Shot,Jump Shot,3PT Field Goal,20171128,MIN,WAS,21700300,368,3,5,2018,Left Corner 3,Left Side,L,24+ ft.,-234,47,18,23,TRUE,FALSE
2017-18,1610612750,1626145,Shot Chart Detail,Tyus Jones,Minnesota Timberwolves,Missed Shot,Pullup Jump shot,2PT Field Goal,20171128,MIN,WAS,21700300,434,3,0,2018,Mid-Range,Left Side,L,8-16 ft.,-81,89,0,12,TRUE,FALSE
2017-18,1610612750,1626145,Shot Chart Detail,Tyus Jones,Minnesota Timberwolves,Made Shot,Jump Shot,3PT Field Goal,20171128,MIN,WAS,21700300,521,4,4,2018,Above the Break 3,Left Side Center,LC,24+ ft.,-123,223,13,25,TRUE,TRUE
2017-18,1610612750,1626145,Shot Chart Detail,Tyus Jones,Minnesota Timberwolves,Missed Shot,Jump Shot,3PT Field Goal,20171129,NOP,MIN,21700309,40,1,8,2018,Above the Break 3,Center,C,24+ ft.,-10,267,27,26,TRUE,FALSE
2017-18,1610612750,1626145,Shot Chart Detail,Tyus Jones,Minnesota Timberwolves,Made Shot,Pullup Jump shot,2PT Field Goal,20171129,NOP,MIN,21700309,67,1,6,2018,In The Paint (Non-RA),Center,C,8-16 ft.,41,129,4,13,TRUE,TRUE
2017-18,1610612750,1626145,Shot Chart Detail,Tyus Jones,Minnesota Timberwolves,Missed Shot,Floating Jump shot,2PT Field Goal,20171129,NOP,MIN,21700309,109,1,3,2018,In The Paint (Non-RA),Center,C,Less Than 8 ft.,-47,59,57,7,TRUE,FALSE
2017-18,1610612750,1626145,Shot Chart Detail,Tyus Jones,Minnesota Timberwolves,Made Shot,Floating Jump shot,2PT Field Goal,20171129,NOP,MIN,21700309,207,2,7,2018,In The Paint (Non-RA),Center,C,8-16 ft.,18,101,2,10,TRUE,TRUE
2017-18,1610612750,1626145,Shot Chart Detail,Tyus Jones,Minnesota Timberwolves,Made Shot,Jump Shot,2PT Field Goal,20171129,NOP,MIN,21700309,341,3,9,2018,Mid-Range,Right Side Center,RC,16-24 ft.,156,126,34,20,TRUE,TRUE
2017-18,1610612750,1626145,Shot Chart Detail,Tyus Jones,Minnesota Timberwolves,Missed Shot,Floating Jump shot,2PT Field Goal,20171129,NOP,MIN,21700309,368,3,7,2018,In The Paint (Non-RA),Center,C,8-16 ft.,15,101,30,10,TRUE,FALSE
2017-18,1610612750,1626145,Shot Chart Detail,Tyus Jones,Minnesota Timberwolves,Made Shot,Jump Shot,3PT Field Goal,20171129,NOP,MIN,21700309,420,3,1,2018,Left Corner 3,Left Side,L,24+ ft.,-228,53,51,23,TRUE,TRUE
2017-18,1610612750,1626145,Shot Chart Detail,Tyus Jones,Minnesota Timberwolves,Made Shot,Jump Shot,3PT Field Goal,20171129,NOP,MIN,21700309,495,4,7,2018,Above the Break 3,Left Side Center,LC,24+ ft.,-109,248,59,27,TRUE,TRUE
2017-18,1610612750,1626145,Shot Chart Detail,Tyus Jones,Minnesota Timberwolves,Made Shot,Driving Floating Jump Shot,2PT Field Goal,20171129,NOP,MIN,21700309,499,4,7,2018,In The Paint (Non-RA),Center,C,Less Than 8 ft.,-9,60,19,6,TRUE,TRUE
2017-18,1610612750,1626145,Shot Chart Detail,Tyus Jones,Minnesota Timberwolves,Missed Shot,Driving Floating Jump Shot,2PT Field Goal,20171201,OKC,MIN,21700324,202,2,8,2018,In The Paint (Non-RA),Center,C,8-16 ft.,-40,74,30,8,TRUE,FALSE
2017-18,1610612750,1626145,Shot Chart Detail,Tyus Jones,Minnesota Timberwolves,Missed Shot,Running Layup Shot,2PT Field Goal,20171201,OKC,MIN,21700324,480,4,11,2018,Restricted Area,Center,C,Less Than 8 ft.,14,13,44,1,TRUE,FALSE
2017-18,1610612750,1626145,Shot Chart Detail,Tyus Jones,Minnesota Timberwolves,Made Shot,Jump Shot,3PT Field Goal,20171203,MIN,LAC,21700336,187,2,8,2018,Left Corner 3,Left Side,L,24+ ft.,-225,-17,54,22,TRUE,TRUE
2017-18,1610612750,1626145,Shot Chart Detail,Tyus Jones,Minnesota Timberwolves,Missed Shot,Jump Shot,3PT Field Goal,20171203,MIN,LAC,21700336,475,4,9,2018,Above the Break 3,Left Side Center,LC,24+ ft.,-159,200,24,25,TRUE,FALSE
2017-18,1610612750,1626145,Shot Chart Detail,Tyus Jones,Minnesota Timberwolves,Missed Shot,Driving Layup Shot,2PT Field Goal,20171204,MEM,MIN,21700345,144,2,10,2018,In The Paint (Non-RA),Center,C,Less Than 8 ft.,3,69,52,6,TRUE,FALSE
2017-18,1610612750,1626145,Shot Chart Detail,Tyus Jones,Minnesota Timberwolves,Missed Shot,Running Layup Shot,2PT Field Goal,20171204,MEM,MIN,21700345,184,2,7,2018,In The Paint (Non-RA),Center,C,Less Than 8 ft.,-28,50,35,5,TRUE,FALSE
2017-18,1610612750,1626145,Shot Chart Detail,Tyus Jones,Minnesota Timberwolves,Made Shot,Running Finger Roll Layup Shot,2PT Field Goal,20171204,MEM,MIN,21700345,492,4,7,2018,Restricted Area,Center,C,Less Than 8 ft.,-3,16,53,1,TRUE,TRUE
2017-18,1610612750,1626145,Shot Chart Detail,Tyus Jones,Minnesota Timberwolves,Made Shot,Jump Shot,3PT Field Goal,20171206,LAC,MIN,21700362,191,2,8,2018,Above the Break 3,Right Side Center,RC,24+ ft.,157,191,35,24,TRUE,TRUE
2017-18,1610612750,1626145,Shot Chart Detail,Tyus Jones,Minnesota Timberwolves,Missed Shot,Jump Shot,2PT Field Goal,20171210,MIN,DAL,21700388,125,1,1,2018,In The Paint (Non-RA),Center,C,8-16 ft.,5,103,50,10,TRUE,FALSE
2017-18,1610612750,1626145,Shot Chart Detail,Tyus Jones,Minnesota Timberwolves,Made Shot,Pullup Jump shot,2PT Field Goal,20171210,MIN,DAL,21700388,189,2,8,2018,Mid-Range,Left Side Center,LC,16-24 ft.,-89,158,16,18,TRUE,TRUE
2017-18,1610612750,1626145,Shot Chart Detail,Tyus Jones,Minnesota Timberwolves,Made Shot,Driving Layup Shot,2PT Field Goal,20171212,MIN,PHI,21700401,464,3,1,2018,Restricted Area,Center,C,Less Than 8 ft.,-8,3,16,0,TRUE,TRUE
2017-18,1610612750,1626145,Shot Chart Detail,Tyus Jones,Minnesota Timberwolves,Made Shot,Jump Shot,2PT Field Goal,20171214,MIN,SAC,21700416,131,1,0,2018,In The Paint (Non-RA),Center,C,Less Than 8 ft.,3,53,29,5,TRUE,TRUE
2017-18,1610612750,1626145,Shot Chart Detail,Tyus Jones,Minnesota Timberwolves,Made Shot,Jump Shot,3PT Field Goal,20171214,MIN,SAC,21700416,185,2,8,2018,Above the Break 3,Center,C,24+ ft.,-57,243,45,24,TRUE,TRUE
2017-18,1610612750,1626145,Shot Chart Detail,Tyus Jones,Minnesota Timberwolves,Made Shot,Running Layup Shot,2PT Field Goal,20171216,MIN,PHX,21700434,216,2,7,2018,Restricted Area,Center,C,Less Than 8 ft.,-7,8,25,1,TRUE,TRUE
2017-18,1610612750,1626145,Shot Chart Detail,Tyus Jones,Minnesota Timberwolves,Made Shot,Jump Shot,3PT Field Goal,20171216,MIN,PHX,21700434,494,4,11,2018,Above the Break 3,Left Side Center,LC,24+ ft.,-152,183,19,23,TRUE,TRUE
2017-18,1610612750,1626145,Shot Chart Detail,Tyus Jones,Minnesota Timberwolves,Made Shot,Jump Shot,3PT Field Goal,20171216,MIN,PHX,21700434,498,4,10,2018,Above the Break 3,Left Side Center,LC,24+ ft.,-89,234,46,25,TRUE,TRUE
2017-18,1610612750,1626145,Shot Chart Detail,Tyus Jones,Minnesota Timberwolves,Missed Shot,Pullup Jump shot,2PT Field Goal,20171218,MIN,POR,21700446,160,2,9,2018,Mid-Range,Left Side Center,LC,16-24 ft.,-98,144,32,17,TRUE,FALSE
2017-18,1610612750,1626145,Shot Chart Detail,Tyus Jones,Minnesota Timberwolves,Missed Shot,Driving Layup Shot,2PT Field Goal,20171218,MIN,POR,21700446,188,2,7,2018,Restricted Area,Center,C,Less Than 8 ft.,-3,34,17,3,TRUE,FALSE
2017-18,1610612750,1626145,Shot Chart Detail,Tyus Jones,Minnesota Timberwolves,Missed Shot,Jump Shot,3PT Field Goal,20171220,DEN,MIN,21700462,101,1,3,2018,Left Corner 3,Left Side,L,24+ ft.,-220,-15,26,22,TRUE,FALSE
2017-18,1610612750,1626145,Shot Chart Detail,Tyus Jones,Minnesota Timberwolves,Missed Shot,Jump Shot,3PT Field Goal,20171220,DEN,MIN,21700462,147,1,0,2018,Above the Break 3,Right Side Center,RC,24+ ft.,202,142,0,24,TRUE,FALSE
2017-18,1610612750,1626145,Shot Chart Detail,Tyus Jones,Minnesota Timberwolves,Made Shot,Running Layup Shot,2PT Field Goal,20171220,DEN,MIN,21700462,309,2,10,2018,Restricted Area,Center,C,Less Than 8 ft.,-27,10,54,2,TRUE,TRUE
2017-18,1610612750,1626145,Shot Chart Detail,Tyus Jones,Minnesota Timberwolves,Made Shot,Running Layup Shot,2PT Field Goal,20171223,PHX,MIN,21700490,223,2,8,2018,Restricted Area,Center,C,Less Than 8 ft.,-6,6,32,0,TRUE,TRUE
2017-18,1610612750,1626145,Shot Chart Detail,Tyus Jones,Minnesota Timberwolves,Made Shot,Running Layup Shot,2PT Field Goal,20171223,PHX,MIN,21700490,235,2,7,2018,Restricted Area,Center,C,Less Than 8 ft.,-2,5,37,0,TRUE,TRUE
2017-18,1610612750,1626145,Shot Chart Detail,Tyus Jones,Minnesota Timberwolves,Made Shot,Jump Shot,3PT Field Goal,20171223,PHX,MIN,21700490,489,4,10,2018,Left Corner 3,Left Side,L,24+ ft.,-230,16,39,23,TRUE,TRUE
2017-18,1610612750,1626145,Shot Chart Detail,Tyus Jones,Minnesota Timberwolves,Missed Shot,Cutting Layup Shot,2PT Field Goal,20171223,PHX,MIN,21700490,533,4,7,2018,Restricted Area,Center,C,Less Than 8 ft.,3,8,1,0,TRUE,FALSE
2017-18,1610612750,1626145,Shot Chart Detail,Tyus Jones,Minnesota Timberwolves,Made Shot,Driving Layup Shot,2PT Field Goal,20171225,LAL,MIN,21700497,169,2,9,2018,Restricted Area,Center,C,Less Than 8 ft.,4,7,28,0,TRUE,TRUE
2017-18,1610612750,1626145,Shot Chart Detail,Tyus Jones,Minnesota Timberwolves,Missed Shot,Jump Shot,3PT Field Goal,20171225,LAL,MIN,21700497,387,3,2,2018,Above the Break 3,Left Side Center,LC,24+ ft.,-120,240,17,26,TRUE,FALSE
2017-18,1610612750,1626145,Shot Chart Detail,Tyus Jones,Minnesota Timberwolves,Made Shot,Jump Shot,3PT Field Goal,20171225,LAL,MIN,21700497,401,3,1,2018,Left Corner 3,Left Side,L,24+ ft.,-239,1,28,23,TRUE,TRUE
2017-18,1610612750,1626145,Shot Chart Detail,Tyus Jones,Minnesota Timberwolves,Made Shot,Driving Layup Shot,2PT Field Goal,20171227,MIN,DEN,21700510,165,2,11,2018,Restricted Area,Center,C,Less Than 8 ft.,-5,10,16,1,TRUE,TRUE
2017-18,1610612750,1626145,Shot Chart Detail,Tyus Jones,Minnesota Timberwolves,Made Shot,Pullup Jump shot,2PT Field Goal,20171227,MIN,DEN,21700510,221,2,6,2018,Mid-Range,Right Side Center,RC,16-24 ft.,94,190,57,21,TRUE,TRUE
2017-18,1610612750,1626145,Shot Chart Detail,Tyus Jones,Minnesota Timberwolves,Missed Shot,Jump Shot,3PT Field Goal,20171227,MIN,DEN,21700510,228,2,5,2018,Right Corner 3,Right Side,R,24+ ft.,228,50,57,23,TRUE,FALSE
2017-18,1610612750,1626145,Shot Chart Detail,Tyus Jones,Minnesota Timberwolves,Made Shot,Running Layup Shot,2PT Field Goal,20171228,MIL,MIN,21700518,27,1,9,2018,Restricted Area,Center,C,Less Than 8 ft.,-4,15,26,1,TRUE,TRUE
2017-18,1610612750,1626145,Shot Chart Detail,Tyus Jones,Minnesota Timberwolves,Missed Shot,Driving Floating Jump Shot,2PT Field Goal,20171228,MIL,MIN,21700518,55,1,5,2018,In The Paint (Non-RA),Center,C,Less Than 8 ft.,-52,58,59,7,TRUE,FALSE
2017-18,1610612750,1626145,Shot Chart Detail,Tyus Jones,Minnesota Timberwolves,Missed Shot,Jump Shot,3PT Field Goal,20171228,MIL,MIN,21700518,244,2,3,2018,Above the Break 3,Left Side Center,LC,24+ ft.,-151,219,48,26,TRUE,FALSE
2017-18,1610612750,1626145,Shot Chart Detail,Tyus Jones,Minnesota Timberwolves,Missed Shot,Jump Shot,3PT Field Goal,20171228,MIL,MIN,21700518,286,2,0,2018,Backcourt,Back Court,BC,Back Court Shot,-86,554,0,56,TRUE,FALSE
2017-18,1610612750,1626145,Shot Chart Detail,Tyus Jones,Minnesota Timberwolves,Made Shot,Driving Floating Jump Shot,2PT Field Goal,20171228,MIL,MIN,21700518,406,3,0,2018,In The Paint (Non-RA),Center,C,8-16 ft.,-36,83,59,9,TRUE,TRUE
2017-18,1610612750,1626145,Shot Chart Detail,Tyus Jones,Minnesota Timberwolves,Missed Shot,Running Layup Shot,2PT Field Goal,20171231,IND,MIN,21700538,12,1,11,2018,Restricted Area,Center,C,Less Than 8 ft.,1,14,12,1,TRUE,FALSE
2017-18,1610612750,1626145,Shot Chart Detail,Tyus Jones,Minnesota Timberwolves,Made Shot,Cutting Finger Roll Layup Shot,2PT Field Goal,20171231,IND,MIN,21700538,43,1,7,2018,Restricted Area,Center,C,Less Than 8 ft.,-2,11,41,1,TRUE,TRUE
2017-18,1610612750,1626145,Shot Chart Detail,Tyus Jones,Minnesota Timberwolves,Made Shot,Running Jump Shot,2PT Field Goal,20171231,IND,MIN,21700538,374,3,6,2018,In The Paint (Non-RA),Center,C,8-16 ft.,-20,101,44,10,TRUE,TRUE
2017-18,1610612750,1626145,Shot Chart Detail,Tyus Jones,Minnesota Timberwolves,Missed Shot,Jump Shot,3PT Field Goal,20171231,IND,MIN,21700538,380,3,5,2018,Above the Break 3,Right Side Center,RC,24+ ft.,155,207,31,25,TRUE,FALSE
2017-18,1610612750,1626145,Shot Chart Detail,Tyus Jones,Minnesota Timberwolves,Missed Shot,Running Jump Shot,2PT Field Goal,20171231,IND,MIN,21700538,396,3,3,2018,In The Paint (Non-RA),Center,C,Less Than 8 ft.,6,68,50,6,TRUE,FALSE
2017-18,1610612750,1626145,Shot Chart Detail,Tyus Jones,Minnesota Timberwolves,Made Shot,Layup Shot,2PT Field Goal,20171231,IND,MIN,21700538,401,3,3,2018,Restricted Area,Center,C,Less Than 8 ft.,3,7,30,0,TRUE,TRUE
2017-18,1610612750,1626145,Shot Chart Detail,Tyus Jones,Minnesota Timberwolves,Missed Shot,Jump Shot,3PT Field Goal,20180101,MIN,LAL,21700548,103,1,4,2018,Left Corner 3,Left Side,L,24+ ft.,-226,-5,32,22,TRUE,FALSE
2017-18,1610612750,1626145,Shot Chart Detail,Tyus Jones,Minnesota Timberwolves,Missed Shot,Driving Floating Jump Shot,2PT Field Goal,20180101,MIN,LAL,21700548,421,3,8,2018,In The Paint (Non-RA),Center,C,Less Than 8 ft.,-20,73,33,7,TRUE,FALSE
2017-18,1610612750,1626145,Shot Chart Detail,Tyus Jones,Minnesota Timberwolves,Made Shot,Jump Shot,3PT Field Goal,20180101,MIN,LAL,21700548,517,3,1,2018,Above the Break 3,Left Side Center,LC,24+ ft.,-110,233,12,25,TRUE,TRUE
2017-18,1610612750,1626145,Shot Chart Detail,Tyus Jones,Minnesota Timberwolves,Missed Shot,Jump Shot,3PT Field Goal,20180101,MIN,LAL,21700548,603,4,6,2018,Left Corner 3,Left Side,L,24+ ft.,-229,6,34,22,TRUE,FALSE
2017-18,1610612750,1626145,Shot Chart Detail,Tyus Jones,Minnesota Timberwolves,Missed Shot,Pullup Jump shot,2PT Field Goal,20180103,BKN,MIN,21700557,41,1,8,2018,Mid-Range,Center,C,8-16 ft.,6,152,34,15,TRUE,FALSE
2017-18,1610612750,1626145,Shot Chart Detail,Tyus Jones,Minnesota Timberwolves,Missed Shot,Running Layup Shot,2PT Field Goal,20180103,BKN,MIN,21700557,131,1,0,2018,Restricted Area,Center,C,Less Than 8 ft.,-13,5,27,1,TRUE,FALSE
2017-18,1610612750,1626145,Shot Chart Detail,Tyus Jones,Minnesota Timberwolves,Missed Shot,Running Layup Shot,2PT Field Goal,20180103,BKN,MIN,21700557,272,2,1,2018,Restricted Area,Center,C,Less Than 8 ft.,17,1,11,1,TRUE,FALSE
2017-18,1610612750,1626145,Shot Chart Detail,Tyus Jones,Minnesota Timberwolves,Made Shot,Running Dunk Shot,2PT Field Goal,20180103,BKN,MIN,21700557,332,3,7,2018,Restricted Area,Center,C,Less Than 8 ft.,16,5,40,1,TRUE,TRUE
2017-18,1610612750,1626145,Shot Chart Detail,Tyus Jones,Minnesota Timberwolves,Made Shot,Driving Floating Jump Shot,2PT Field Goal,20180103,BKN,MIN,21700557,348,3,6,2018,In The Paint (Non-RA),Center,C,8-16 ft.,-30,126,7,12,TRUE,TRUE
2017-18,1610612750,1626145,Shot Chart Detail,Tyus Jones,Minnesota Timberwolves,Missed Shot,Driving Floating Jump Shot,2PT Field Goal,20180103,BKN,MIN,21700557,374,3,4,2018,In The Paint (Non-RA),Center,C,8-16 ft.,-45,97,22,10,TRUE,FALSE
2017-18,1610612750,1626145,Shot Chart Detail,Tyus Jones,Minnesota Timberwolves,Made Shot,Driving Floating Jump Shot,2PT Field Goal,20180103,BKN,MIN,21700557,410,3,1,2018,In The Paint (Non-RA),Center,C,8-16 ft.,2,83,45,8,TRUE,TRUE
2017-18,1610612750,1626145,Shot Chart Detail,Tyus Jones,Minnesota Timberwolves,Missed Shot,Jump Shot,3PT Field Goal,20180103,BKN,MIN,21700557,415,3,1,2018,Above the Break 3,Left Side Center,LC,24+ ft.,-147,204,8,25,TRUE,FALSE
2017-18,1610612750,1626145,Shot Chart Detail,Tyus Jones,Minnesota Timberwolves,Made Shot,Driving Layup Shot,2PT Field Goal,20180103,BKN,MIN,21700557,547,4,1,2018,Restricted Area,Center,C,Less Than 8 ft.,22,0,22,2,TRUE,TRUE
2017-18,1610612750,1626145,Shot Chart Detail,Tyus Jones,Minnesota Timberwolves,Made Shot,Driving Floating Bank Jump Shot,2PT Field Goal,20180105,BOS,MIN,21700570,17,1,10,2018,In The Paint (Non-RA),Center,C,Less Than 8 ft.,-32,67,33,7,TRUE,TRUE
2017-18,1610612750,1626145,Shot Chart Detail,Tyus Jones,Minnesota Timberwolves,Made Shot,Turnaround Bank Hook Shot,2PT Field Goal,20180105,BOS,MIN,21700570,68,1,4,2018,In The Paint (Non-RA),Center,C,Less Than 8 ft.,34,51,37,6,TRUE,TRUE
2017-18,1610612750,1626145,Shot Chart Detail,Tyus Jones,Minnesota Timberwolves,Missed Shot,Running Finger Roll Layup Shot,2PT Field Goal,20180105,BOS,MIN,21700570,236,2,4,2018,In The Paint (Non-RA),Center,C,Less Than 8 ft.,28,36,51,4,TRUE,FALSE
2017-18,1610612750,1626145,Shot Chart Detail,Tyus Jones,Minnesota Timberwolves,Missed Shot,Jump Shot,3PT Field Goal,20180105,BOS,MIN,21700570,250,2,4,2018,Above the Break 3,Center,C,24+ ft.,12,258,12,25,TRUE,FALSE
2017-18,1610612750,1626145,Shot Chart Detail,Tyus Jones,Minnesota Timberwolves,Missed Shot,Driving Layup Shot,2PT Field Goal,20180105,BOS,MIN,21700570,319,3,11,2018,Restricted Area,Center,C,Less Than 8 ft.,-14,16,4,2,TRUE,FALSE
2017-18,1610612750,1626145,Shot Chart Detail,Tyus Jones,Minnesota Timberwolves,Missed Shot,Jump Shot,3PT Field Goal,20180105,BOS,MIN,21700570,584,4,3,2018,Above the Break 3,Center,C,24+ ft.,-19,275,16,27,TRUE,FALSE
2017-18,1610612750,1626145,Shot Chart Detail,Tyus Jones,Minnesota Timberwolves,Made Shot,Pullup Jump shot,3PT Field Goal,20180105,BOS,MIN,21700570,625,4,0,2018,Above the Break 3,Left Side Center,LC,24+ ft.,-142,214,11,25,TRUE,TRUE
2017-18,1610612750,1626145,Shot Chart Detail,Tyus Jones,Minnesota Timberwolves,Missed Shot,Jump Shot,3PT Field Goal,20180106,MIN,NOP,21700584,52,1,7,2018,Above the Break 3,Center,C,24+ ft.,-73,236,53,24,TRUE,FALSE
2017-18,1610612750,1626145,Shot Chart Detail,Tyus Jones,Minnesota Timberwolves,Made Shot,Driving Layup Shot,2PT Field Goal,20180106,MIN,NOP,21700584,281,2,2,2018,Restricted Area,Center,C,Less Than 8 ft.,-4,6,29,0,TRUE,TRUE
2017-18,1610612750,1626145,Shot Chart Detail,Tyus Jones,Minnesota Timberwolves,Made Shot,Running Layup Shot,2PT Field Goal,20180106,MIN,NOP,21700584,289,2,1,2018,Restricted Area,Center,C,Less Than 8 ft.,6,3,48,0,TRUE,TRUE
2017-18,1610612750,1626145,Shot Chart Detail,Tyus Jones,Minnesota Timberwolves,Missed Shot,Jump Shot,3PT Field Goal,20180106,MIN,NOP,21700584,303,2,1,2018,Right Corner 3,Right Side,R,24+ ft.,231,27,2,23,TRUE,FALSE
2017-18,1610612750,1626145,Shot Chart Detail,Tyus Jones,Minnesota Timberwolves,Made Shot,Driving Layup Shot,2PT Field Goal,20180106,MIN,NOP,21700584,350,3,9,2018,Restricted Area,Center,C,Less Than 8 ft.,-12,-3,31,1,TRUE,TRUE
2017-18,1610612750,1626145,Shot Chart Detail,Tyus Jones,Minnesota Timberwolves,Missed Shot,Jump Shot,2PT Field Goal,20180106,MIN,NOP,21700584,418,3,3,2018,Mid-Range,Right Side Center,RC,16-24 ft.,63,175,20,18,TRUE,FALSE
2017-18,1610612750,1626145,Shot Chart Detail,Tyus Jones,Minnesota Timberwolves,Made Shot,Driving Layup Shot,2PT Field Goal,20180106,MIN,NOP,21700584,539,4,6,2018,Restricted Area,Center,C,Less Than 8 ft.,10,21,22,2,TRUE,TRUE
2017-18,1610612750,1626145,Shot Chart Detail,Tyus Jones,Minnesota Timberwolves,Missed Shot,Jump Shot,3PT Field Goal,20180106,MIN,NOP,21700584,545,4,5,2018,Above the Break 3,Center,C,24+ ft.,-3,256,39,25,TRUE,FALSE
2017-18,1610612750,1626145,Shot Chart Detail,Tyus Jones,Minnesota Timberwolves,Missed Shot,Jump Shot,2PT Field Goal,20180106,MIN,NOP,21700584,593,4,2,2018,Mid-Range,Left Side Center,LC,16-24 ft.,-79,195,17,21,TRUE,FALSE
2017-18,1610612750,1626145,Shot Chart Detail,Tyus Jones,Minnesota Timberwolves,Made Shot,Floating Jump shot,2PT Field Goal,20180108,MIN,CLE,21700594,37,1,7,2018,In The Paint (Non-RA),Center,C,8-16 ft.,70,125,50,14,TRUE,TRUE
2017-18,1610612750,1626145,Shot Chart Detail,Tyus Jones,Minnesota Timberwolves,Missed Shot,Jump Shot,3PT Field Goal,20180108,MIN,CLE,21700594,88,1,3,2018,Above the Break 3,Center,C,24+ ft.,72,237,45,24,TRUE,FALSE
2017-18,1610612750,1626145,Shot Chart Detail,Tyus Jones,Minnesota Timberwolves,Made Shot,Pullup Jump shot,2PT Field Goal,20180108,MIN,CLE,21700594,230,2,6,2018,Mid-Range,Right Side Center,RC,16-24 ft.,115,157,33,19,TRUE,TRUE
2017-18,1610612750,1626145,Shot Chart Detail,Tyus Jones,Minnesota Timberwolves,Missed Shot,Step Back Jump shot,3PT Field Goal,20180108,MIN,CLE,21700594,239,2,5,2018,Above the Break 3,Left Side Center,LC,24+ ft.,-157,185,43,24,TRUE,FALSE
2017-18,1610612750,1626145,Shot Chart Detail,Tyus Jones,Minnesota Timberwolves,Missed Shot,Driving Layup Shot,2PT Field Goal,20180108,MIN,CLE,21700594,243,2,5,2018,Restricted Area,Center,C,Less Than 8 ft.,0,9,31,0,TRUE,FALSE
2017-18,1610612750,1626145,Shot Chart Detail,Tyus Jones,Minnesota Timberwolves,Made Shot,Driving Dunk Shot,2PT Field Goal,20180108,MIN,CLE,21700594,289,2,2,2018,Restricted Area,Center,C,Less Than 8 ft.,7,9,39,1,TRUE,TRUE
2017-18,1610612750,1626145,Shot Chart Detail,Tyus Jones,Minnesota Timberwolves,Missed Shot,Jump Shot,3PT Field Goal,20180108,MIN,CLE,21700594,357,3,8,2018,Above the Break 3,Left Side Center,LC,24+ ft.,-104,227,23,24,TRUE,FALSE
2017-18,1610612750,1626145,Shot Chart Detail,Tyus Jones,Minnesota Timberwolves,Missed Shot,Jump Shot,3PT Field Goal,20180108,MIN,CLE,21700594,423,3,3,2018,Above the Break 3,Left Side Center,LC,24+ ft.,-127,237,14,26,TRUE,FALSE
2017-18,1610612750,1626145,Shot Chart Detail,Tyus Jones,Minnesota Timberwolves,Missed Shot,Jump Shot,2PT Field Goal,20180110,MIN,OKC,21700611,134,1,1,2018,In The Paint (Non-RA),Center,C,Less Than 8 ft.,44,40,53,5,TRUE,FALSE
2017-18,1610612750,1626145,Shot Chart Detail,Tyus Jones,Minnesota Timberwolves,Missed Shot,Jump Shot,2PT Field Goal,20180110,MIN,OKC,21700611,141,1,0,2018,Mid-Range,Left Side Center,LC,16-24 ft.,-90,212,54,23,TRUE,FALSE
2017-18,1610612750,1626145,Shot Chart Detail,Tyus Jones,Minnesota Timberwolves,Missed Shot,Jump Shot,3PT Field Goal,20180110,MIN,OKC,21700611,200,2,8,2018,Above the Break 3,Right Side Center,RC,24+ ft.,134,216,30,25,TRUE,FALSE
2017-18,1610612750,1626145,Shot Chart Detail,Tyus Jones,Minnesota Timberwolves,Missed Shot,Driving Layup Shot,2PT Field Goal,20180110,MIN,OKC,21700611,456,3,1,2018,Restricted Area,Center,C,Less Than 8 ft.,2,26,36,2,TRUE,FALSE
2017-18,1610612750,1626145,Shot Chart Detail,Tyus Jones,Minnesota Timberwolves,Missed Shot,Driving Layup Shot,2PT Field Goal,20180110,MIN,OKC,21700611,512,4,8,2018,Restricted Area,Center,C,Less Than 8 ft.,30,22,37,3,TRUE,FALSE
2017-18,1610612750,1626145,Shot Chart Detail,Tyus Jones,Minnesota Timberwolves,Made Shot,Jump Shot,3PT Field Goal,20180110,MIN,OKC,21700611,521,4,8,2018,Left Corner 3,Left Side,L,24+ ft.,-225,0,6,22,TRUE,TRUE
2017-18,1610612750,1626145,Shot Chart Detail,Tyus Jones,Minnesota Timberwolves,Missed Shot,Jump Shot,3PT Field Goal,20180112,MIN,NYK,21700623,123,1,1,2018,Above the Break 3,Right Side Center,RC,24+ ft.,93,236,34,25,TRUE,FALSE
2017-18,1610612750,1626145,Shot Chart Detail,Tyus Jones,Minnesota Timberwolves,Made Shot,Running Layup Shot,2PT Field Goal,20180112,MIN,NYK,21700623,134,1,0,2018,Restricted Area,Center,C,Less Than 8 ft.,-4,5,48,0,TRUE,TRUE
2017-18,1610612750,1626145,Shot Chart Detail,Tyus Jones,Minnesota Timberwolves,Made Shot,Driving Finger Roll Layup Shot,2PT Field Goal,20180112,MIN,NYK,21700623,163,2,9,2018,Restricted Area,Center,C,Less Than 8 ft.,-9,20,41,2,TRUE,TRUE
2017-18,1610612750,1626145,Shot Chart Detail,Tyus Jones,Minnesota Timberwolves,Missed Shot,Pullup Jump shot,2PT Field Goal,20180112,MIN,NYK,21700623,507,4,7,2018,In The Paint (Non-RA),Center,C,8-16 ft.,-52,107,4,11,TRUE,FALSE
2017-18,1610612750,1626145,Shot Chart Detail,Tyus Jones,Minnesota Timberwolves,Made Shot,Jump Shot,3PT Field Goal,20180112,MIN,NYK,21700623,511,4,6,2018,Above the Break 3,Left Side Center,LC,24+ ft.,-145,212,41,25,TRUE,TRUE
2017-18,1610612750,1626145,Shot Chart Detail,Tyus Jones,Minnesota Timberwolves,Missed Shot,Jump Shot,3PT Field Goal,20180114,MIN,POR,21700637,170,2,10,2018,Left Corner 3,Left Side,L,24+ ft.,-226,68,55,23,TRUE,FALSE
2017-18,1610612750,1626145,Shot Chart Detail,Tyus Jones,Minnesota Timberwolves,Made Shot,Driving Finger Roll Layup Shot,2PT Field Goal,20180114,MIN,POR,21700637,189,2,8,2018,Restricted Area,Center,C,Less Than 8 ft.,-6,16,58,1,TRUE,TRUE
2017-18,1610612750,1626145,Shot Chart Detail,Tyus Jones,Minnesota Timberwolves,Made Shot,Driving Floating Bank Jump Shot,2PT Field Goal,20180114,MIN,POR,21700637,238,2,4,2018,In The Paint (Non-RA),Center,C,Less Than 8 ft.,63,12,58,6,TRUE,TRUE
2017-18,1610612750,1626145,Shot Chart Detail,Tyus Jones,Minnesota Timberwolves,Missed Shot,Pullup Jump shot,2PT Field Goal,20180116,ORL,MIN,21700649,190,2,9,2018,Mid-Range,Right Side Center,RC,16-24 ft.,98,168,50,19,TRUE,FALSE
2017-18,1610612750,1626145,Shot Chart Detail,Tyus Jones,Minnesota Timberwolves,Made Shot,Cutting Layup Shot,2PT Field Goal,20180116,ORL,MIN,21700649,472,4,11,2018,Restricted Area,Center,C,Less Than 8 ft.,-24,13,9,2,TRUE,TRUE
2017-18,1610612750,1626145,Shot Chart Detail,Tyus Jones,Minnesota Timberwolves,Missed Shot,Pullup Jump shot,3PT Field Goal,20180116,ORL,MIN,21700649,510,4,7,2018,Above the Break 3,Left Side Center,LC,24+ ft.,-151,190,45,24,TRUE,FALSE
2017-18,1610612750,1626145,Shot Chart Detail,Tyus Jones,Minnesota Timberwolves,Made Shot,Jump Shot,3PT Field Goal,20180118,HOU,MIN,21700665,174,2,10,2018,Right Corner 3,Right Side,R,24+ ft.,239,45,55,24,TRUE,TRUE
2017-18,1610612750,1626145,Shot Chart Detail,Tyus Jones,Minnesota Timberwolves,Made Shot,Running Layup Shot,2PT Field Goal,20180118,HOU,MIN,21700665,205,2,9,2018,Restricted Area,Center,C,Less Than 8 ft.,33,9,6,3,TRUE,TRUE
2017-18,1610612750,1626145,Shot Chart Detail,Tyus Jones,Minnesota Timberwolves,Made Shot,Jump Shot,3PT Field Goal,20180118,HOU,MIN,21700665,216,2,8,2018,Above the Break 3,Right Side Center,RC,24+ ft.,202,167,34,26,TRUE,TRUE
2017-18,1610612750,1626145,Shot Chart Detail,Tyus Jones,Minnesota Timberwolves,Missed Shot,Jump Shot,3PT Field Goal,20180118,HOU,MIN,21700665,234,2,7,2018,Above the Break 3,Right Side Center,RC,24+ ft.,126,251,23,28,TRUE,FALSE
2017-18,1610612750,1626145,Shot Chart Detail,Tyus Jones,Minnesota Timberwolves,Missed Shot,Running Layup Shot,2PT Field Goal,20180118,HOU,MIN,21700665,255,2,5,2018,Restricted Area,Center,C,Less Than 8 ft.,-35,10,9,3,TRUE,FALSE
2017-18,1610612750,1626145,Shot Chart Detail,Tyus Jones,Minnesota Timberwolves,Made Shot,Pullup Jump shot,2PT Field Goal,20180118,HOU,MIN,21700665,462,3,0,2018,Mid-Range,Left Side,L,8-16 ft.,-154,17,2,15,TRUE,TRUE
2017-18,1610612750,1626145,Shot Chart Detail,Tyus Jones,Minnesota Timberwolves,Made Shot,Jump Shot,3PT Field Goal,20180118,HOU,MIN,21700665,483,4,11,2018,Above the Break 3,Left Side Center,LC,24+ ft.,-160,196,3,25,TRUE,TRUE
2017-18,1610612750,1626145,Shot Chart Detail,Tyus Jones,Minnesota Timberwolves,Missed Shot,Jump Shot,3PT Field Goal,20180118,HOU,MIN,21700665,498,4,9,2018,Right Corner 3,Right Side,R,24+ ft.,226,73,55,23,TRUE,FALSE
2017-18,1610612750,1626145,Shot Chart Detail,Tyus Jones,Minnesota Timberwolves,Missed Shot,Layup Shot,2PT Field Goal,20180120,MIN,TOR,21700680,127,1,0,2018,Restricted Area,Center,C,Less Than 8 ft.,-18,15,54,2,TRUE,FALSE
2017-18,1610612750,1626145,Shot Chart Detail,Tyus Jones,Minnesota Timberwolves,Made Shot,Pullup Jump shot,2PT Field Goal,20180120,MIN,TOR,21700680,140,1,0,2018,Mid-Range,Center,C,16-24 ft.,-29,158,23,16,TRUE,TRUE
2017-18,1610612750,1626145,Shot Chart Detail,Tyus Jones,Minnesota Timberwolves,Made Shot,Driving Floating Jump Shot,2PT Field Goal,20180120,MIN,TOR,21700680,200,2,9,2018,In The Paint (Non-RA),Center,C,Less Than 8 ft.,1,68,2,6,TRUE,TRUE
2017-18,1610612750,1626145,Shot Chart Detail,Tyus Jones,Minnesota Timberwolves,Missed Shot,Jump Shot,2PT Field Goal,20180120,MIN,TOR,21700680,495,3,0,2018,Mid-Range,Left Side Center,LC,16-24 ft.,-145,133,8,19,TRUE,FALSE
2017-18,1610612750,1626145,Shot Chart Detail,Tyus Jones,Minnesota Timberwolves,Made Shot,Jump Shot,3PT Field Goal,20180120,MIN,TOR,21700680,554,4,7,2018,Above the Break 3,Center,C,24+ ft.,-52,256,49,26,TRUE,TRUE
2017-18,1610612750,1626145,Shot Chart Detail,Tyus Jones,Minnesota Timberwolves,Missed Shot,Driving Layup Shot,2PT Field Goal,20180122,LAC,MIN,21700695,189,2,9,2018,In The Paint (Non-RA),Center,C,Less Than 8 ft.,0,43,21,4,TRUE,FALSE
2017-18,1610612750,1626145,Shot Chart Detail,Tyus Jones,Minnesota Timberwolves,Made Shot,Jump Shot,3PT Field Goal,20180122,LAC,MIN,21700695,203,2,8,2018,Above the Break 3,Right Side Center,RC,24+ ft.,138,205,2,24,TRUE,TRUE
2017-18,1610612750,1626145,Shot Chart Detail,Tyus Jones,Minnesota Timberwolves,Missed Shot,Pullup Jump shot,2PT Field Goal,20180122,LAC,MIN,21700695,237,2,5,2018,Mid-Range,Left Side Center,LC,16-24 ft.,-130,144,10,19,TRUE,FALSE
2017-18,1610612750,1626145,Shot Chart Detail,Tyus Jones,Minnesota Timberwolves,Missed Shot,Jump Shot,3PT Field Goal,20180122,LAC,MIN,21700695,492,4,10,2018,Above the Break 3,Center,C,24+ ft.,8,245,43,24,TRUE,FALSE
2017-18,1610612750,1626145,Shot Chart Detail,Tyus Jones,Minnesota Timberwolves,Missed Shot,Pullup Jump shot,2PT Field Goal,20180124,POR,MIN,21700708,139,2,10,2018,Mid-Range,Left Side Center,LC,16-24 ft.,-102,143,25,17,TRUE,FALSE
2017-18,1610612750,1626145,Shot Chart Detail,Tyus Jones,Minnesota Timberwolves,Missed Shot,Running Layup Shot,2PT Field Goal,20180124,POR,MIN,21700708,160,2,8,2018,Restricted Area,Center,C,Less Than 8 ft.,-9,8,17,1,TRUE,FALSE
2017-18,1610612750,1626145,Shot Chart Detail,Tyus Jones,Minnesota Timberwolves,Missed Shot,Pullup Jump shot,2PT Field Goal,20180124,POR,MIN,21700708,184,2,6,2018,Mid-Range,Left Side Center,LC,16-24 ft.,-96,206,34,22,TRUE,FALSE
2017-18,1610612750,1626145,Shot Chart Detail,Tyus Jones,Minnesota Timberwolves,Made Shot,Driving Floating Jump Shot,2PT Field Goal,20180124,POR,MIN,21700708,455,4,10,2018,In The Paint (Non-RA),Center,C,8-16 ft.,-61,125,47,13,TRUE,TRUE
2017-18,1610612750,1626145,Shot Chart Detail,Tyus Jones,Minnesota Timberwolves,Made Shot,Driving Floating Bank Jump Shot,2PT Field Goal,20180124,POR,MIN,21700708,534,4,3,2018,In The Paint (Non-RA),Center,C,8-16 ft.,-57,126,21,13,TRUE,TRUE
2017-18,1610612750,1626145,Shot Chart Detail,Tyus Jones,Minnesota Timberwolves,Missed Shot,Driving Floating Bank Jump Shot,2PT Field Goal,20180124,POR,MIN,21700708,537,4,2,2018,Restricted Area,Center,C,Less Than 8 ft.,29,27,50,3,TRUE,FALSE
2017-18,1610612750,1626145,Shot Chart Detail,Tyus Jones,Minnesota Timberwolves,Missed Shot,Running Layup Shot,2PT Field Goal,20180124,POR,MIN,21700708,570,4,1,2018,Restricted Area,Center,C,Less Than 8 ft.,6,5,9,0,TRUE,FALSE
2017-18,1610612750,1626145,Shot Chart Detail,Tyus Jones,Minnesota Timberwolves,Missed Shot,Jump Shot,3PT Field Goal,20180125,GSW,MIN,21700713,539,4,7,2018,Left Corner 3,Left Side,L,24+ ft.,-235,15,32,23,TRUE,FALSE
2017-18,1610612750,1626145,Shot Chart Detail,Tyus Jones,Minnesota Timberwolves,Made Shot,Jump Shot,2PT Field Goal,20180127,MIN,BKN,21700729,103,1,3,2018,Mid-Range,Center,C,8-16 ft.,-3,155,22,15,TRUE,TRUE
2017-18,1610612750,1626145,Shot Chart Detail,Tyus Jones,Minnesota Timberwolves,Missed Shot,Running Jump Shot,2PT Field Goal,20180127,MIN,BKN,21700729,463,3,0,2018,Restricted Area,Center,C,Less Than 8 ft.,-18,20,26,2,TRUE,FALSE
2017-18,1610612750,1626145,Shot Chart Detail,Tyus Jones,Minnesota Timberwolves,Made Shot,Jump Shot,2PT Field Goal,20180127,MIN,BKN,21700729,495,4,10,2018,Mid-Range,Center,C,16-24 ft.,-21,187,22,18,TRUE,TRUE
2017-18,1610612750,1626145,Shot Chart Detail,Tyus Jones,Minnesota Timberwolves,Made Shot,Jump Shot,3PT Field Goal,20180127,MIN,BKN,21700729,504,4,9,2018,Above the Break 3,Left Side Center,LC,24+ ft.,-112,226,35,25,TRUE,TRUE
2017-18,1610612750,1626145,Shot Chart Detail,Tyus Jones,Minnesota Timberwolves,Made Shot,Floating Jump shot,2PT Field Goal,20180127,MIN,BKN,21700729,540,4,7,2018,In The Paint (Non-RA),Center,C,8-16 ft.,60,121,23,13,TRUE,TRUE
2017-18,1610612750,1626145,Shot Chart Detail,Tyus Jones,Minnesota Timberwolves,Made Shot,Floating Jump shot,2PT Field Goal,20180127,MIN,BKN,21700729,551,4,6,2018,In The Paint (Non-RA),Center,C,8-16 ft.,1,108,24,10,TRUE,TRUE
2017-18,1610612750,1626145,Shot Chart Detail,Tyus Jones,Minnesota Timberwolves,Missed Shot,Jump Shot,3PT Field Goal,20180127,MIN,BKN,21700729,622,4,1,2018,Above the Break 3,Center,C,24+ ft.,-64,239,36,24,TRUE,FALSE
2017-18,1610612750,1626145,Shot Chart Detail,Tyus Jones,Minnesota Timberwolves,Made Shot,Cutting Layup Shot,2PT Field Goal,20180127,MIN,BKN,21700729,630,4,0,2018,Restricted Area,Center,C,Less Than 8 ft.,1,10,47,1,TRUE,TRUE
2017-18,1610612750,1626145,Shot Chart Detail,Tyus Jones,Minnesota Timberwolves,Missed Shot,Jump Shot,3PT Field Goal,20180129,ATL,MIN,21700739,216,2,6,2018,Above the Break 3,Right Side Center,RC,24+ ft.,97,228,46,24,TRUE,FALSE
2017-18,1610612750,1626145,Shot Chart Detail,Tyus Jones,Minnesota Timberwolves,Missed Shot,Driving Floating Jump Shot,2PT Field Goal,20180129,ATL,MIN,21700739,456,3,0,2018,In The Paint (Non-RA),Center,C,8-16 ft.,8,84,31,8,TRUE,FALSE
2017-18,1610612750,1626145,Shot Chart Detail,Tyus Jones,Minnesota Timberwolves,Missed Shot,Jump Shot,3PT Field Goal,20180129,ATL,MIN,21700739,471,4,11,2018,Above the Break 3,Center,C,24+ ft.,65,239,17,24,TRUE,FALSE
2017-18,1610612750,1626145,Shot Chart Detail,Tyus Jones,Minnesota Timberwolves,Missed Shot,Driving Layup Shot,2PT Field Goal,20180129,ATL,MIN,21700739,510,4,7,2018,In The Paint (Non-RA),Center,C,Less Than 8 ft.,-36,43,38,5,TRUE,FALSE
2017-18,1610612750,1626145,Shot Chart Detail,Tyus Jones,Minnesota Timberwolves,Made Shot,Pullup Jump shot,2PT Field Goal,20180130,TOR,MIN,21700746,193,2,7,2018,Mid-Range,Left Side,L,8-16 ft.,-87,120,34,14,TRUE,TRUE
2017-18,1610612750,1626145,Shot Chart Detail,Tyus Jones,Minnesota Timberwolves,Missed Shot,Jump Bank Shot,2PT Field Goal,20180201,MIN,MIL,21700763,135,2,11,2018,Mid-Range,Left Side,L,8-16 ft.,-84,56,39,10,TRUE,FALSE
2017-18,1610612750,1626145,Shot Chart Detail,Tyus Jones,Minnesota Timberwolves,Made Shot,Driving Floating Bank Jump Shot,2PT Field Goal,20180201,MIN,MIL,21700763,197,2,6,2018,In The Paint (Non-RA),Left Side,L,8-16 ft.,-78,25,20,8,TRUE,TRUE
2017-18,1610612750,1626145,Shot Chart Detail,Tyus Jones,Minnesota Timberwolves,Made Shot,Driving Finger Roll Layup Shot,2PT Field Goal,20180201,MIN,MIL,21700763,398,3,0,2018,Restricted Area,Center,C,Less Than 8 ft.,-3,11,29,1,TRUE,TRUE
2017-18,1610612750,1626145,Shot Chart Detail,Tyus Jones,Minnesota Timberwolves,Missed Shot,Jump Shot,2PT Field Goal,20180201,MIN,MIL,21700763,442,4,9,2018,Mid-Range,Left Side,L,16-24 ft.,-199,2,47,19,TRUE,FALSE
2017-18,1610612750,1626145,Shot Chart Detail,Tyus Jones,Minnesota Timberwolves,Made Shot,Jump Shot,2PT Field Goal,20180203,MIN,NOP,21700780,168,2,11,2018,Mid-Range,Right Side,R,16-24 ft.,204,28,25,20,TRUE,TRUE
2017-18,1610612750,1626145,Shot Chart Detail,Tyus Jones,Minnesota Timberwolves,Made Shot,Pullup Jump shot,2PT Field Goal,20180203,MIN,NOP,21700780,180,2,10,2018,Mid-Range,Left Side,L,8-16 ft.,-151,15,4,15,TRUE,TRUE
2017-18,1610612750,1626145,Shot Chart Detail,Tyus Jones,Minnesota Timberwolves,Made Shot,Driving Layup Shot,2PT Field Goal,20180203,MIN,NOP,21700780,187,2,9,2018,Restricted Area,Center,C,Less Than 8 ft.,-11,0,19,1,TRUE,TRUE
2017-18,1610612750,1626145,Shot Chart Detail,Tyus Jones,Minnesota Timberwolves,Missed Shot,Floating Jump shot,2PT Field Goal,20180203,MIN,NOP,21700780,210,2,6,2018,In The Paint (Non-RA),Center,C,Less Than 8 ft.,7,55,41,5,TRUE,FALSE
2017-18,1610612750,1626145,Shot Chart Detail,Tyus Jones,Minnesota Timberwolves,Missed Shot,Jump Shot,3PT Field Goal,20180203,MIN,NOP,21700780,406,3,3,2018,Left Corner 3,Left Side,L,24+ ft.,-229,27,38,23,TRUE,FALSE
2017-18,1610612750,1626145,Shot Chart Detail,Tyus Jones,Minnesota Timberwolves,Missed Shot,Driving Layup Shot,2PT Field Goal,20180203,MIN,NOP,21700780,417,3,2,2018,Restricted Area,Center,C,Less Than 8 ft.,-18,15,47,2,TRUE,FALSE
2017-18,1610612750,1626145,Shot Chart Detail,Tyus Jones,Minnesota Timberwolves,Made Shot,Jump Shot,3PT Field Goal,20180203,MIN,NOP,21700780,507,4,8,2018,Left Corner 3,Left Side,L,24+ ft.,-229,0,17,22,TRUE,TRUE
2017-18,1610612750,1626145,Shot Chart Detail,Tyus Jones,Minnesota Timberwolves,Made Shot,Cutting Layup Shot,2PT Field Goal,20180203,MIN,NOP,21700780,514,4,7,2018,Restricted Area,Center,C,Less Than 8 ft.,6,15,44,1,TRUE,TRUE
2017-18,1610612750,1626145,Shot Chart Detail,Tyus Jones,Minnesota Timberwolves,Made Shot,Driving Layup Shot,2PT Field Goal,20180203,MIN,NOP,21700780,528,4,6,2018,Restricted Area,Center,C,Less Than 8 ft.,5,16,6,1,TRUE,TRUE
2017-18,1610612750,1626145,Shot Chart Detail,Tyus Jones,Minnesota Timberwolves,Missed Shot,Jump Shot,3PT Field Goal,20180207,CLE,MIN,21700807,172,2,9,2018,Left Corner 3,Left Side,L,24+ ft.,-226,1,49,22,TRUE,FALSE
2017-18,1610612750,1626145,Shot Chart Detail,Tyus Jones,Minnesota Timberwolves,Missed Shot,Driving Layup Shot,2PT Field Goal,20180207,CLE,MIN,21700807,418,3,0,2018,Restricted Area,Center,C,Less Than 8 ft.,-3,20,32,2,TRUE,FALSE
2017-18,1610612750,1626145,Shot Chart Detail,Tyus Jones,Minnesota Timberwolves,Made Shot,Jump Shot,3PT Field Goal,20180209,CHI,MIN,21700822,117,1,1,2018,Above the Break 3,Left Side Center,LC,24+ ft.,-152,205,32,25,TRUE,TRUE
2017-18,1610612750,1626145,Shot Chart Detail,Tyus Jones,Minnesota Timberwolves,Missed Shot,Jump Shot,3PT Field Goal,20180209,CHI,MIN,21700822,148,2,11,2018,Above the Break 3,Left Side Center,LC,24+ ft.,-153,215,21,26,TRUE,FALSE
2017-18,1610612750,1626145,Shot Chart Detail,Tyus Jones,Minnesota Timberwolves,Made Shot,Running Layup Shot,2PT Field Goal,20180209,CHI,MIN,21700822,227,2,5,2018,Restricted Area,Center,C,Less Than 8 ft.,3,21,19,2,TRUE,TRUE
2017-18,1610612750,1626145,Shot Chart Detail,Tyus Jones,Minnesota Timberwolves,Made Shot,Jump Bank Shot,2PT Field Goal,20180209,CHI,MIN,21700822,434,3,0,2018,In The Paint (Non-RA),Center,C,Less Than 8 ft.,-42,34,38,5,TRUE,TRUE
2017-18,1610612750,1626145,Shot Chart Detail,Tyus Jones,Minnesota Timberwolves,Missed Shot,Driving Layup Shot,2PT Field Goal,20180209,CHI,MIN,21700822,482,4,9,2018,Restricted Area,Center,C,Less Than 8 ft.,-10,37,16,3,TRUE,FALSE
2017-18,1610612750,1626145,Shot Chart Detail,Tyus Jones,Minnesota Timberwolves,Missed Shot,Driving Layup Shot,2PT Field Goal,20180211,MIN,SAC,21700838,139,1,0,2018,Restricted Area,Center,C,Less Than 8 ft.,9,14,26,1,TRUE,FALSE
2017-18,1610612750,1626145,Shot Chart Detail,Tyus Jones,Minnesota Timberwolves,Made Shot,Cutting Layup Shot,2PT Field Goal,20180211,MIN,SAC,21700838,214,2,6,2018,Restricted Area,Center,C,Less Than 8 ft.,14,10,41,1,TRUE,TRUE
2017-18,1610612750,1626145,Shot Chart Detail,Tyus Jones,Minnesota Timberwolves,Missed Shot,Floating Jump shot,2PT Field Goal,20180211,MIN,SAC,21700838,486,4,9,2018,In The Paint (Non-RA),Center,C,Less Than 8 ft.,-40,62,44,7,TRUE,FALSE
2017-18,1610612750,1626145,Shot Chart Detail,Tyus Jones,Minnesota Timberwolves,Missed Shot,Jump Shot,3PT Field Goal,20180211,MIN,SAC,21700838,506,4,8,2018,Left Corner 3,Left Side,L,24+ ft.,-226,7,12,22,TRUE,FALSE
2017-18,1610612750,1626145,Shot Chart Detail,Tyus Jones,Minnesota Timberwolves,Missed Shot,Driving Layup Shot,2PT Field Goal,20180213,MIN,HOU,21700849,178,2,9,2018,Restricted Area,Center,C,Less Than 8 ft.,-9,25,28,2,TRUE,FALSE
2017-18,1610612750,1626145,Shot Chart Detail,Tyus Jones,Minnesota Timberwolves,Missed Shot,Jump Shot,3PT Field Goal,20180213,MIN,HOU,21700849,211,2,8,2018,Above the Break 3,Center,C,24+ ft.,-57,242,8,24,TRUE,FALSE
2017-18,1610612750,1626145,Shot Chart Detail,Tyus Jones,Minnesota Timberwolves,Missed Shot,Jump Shot,3PT Field Goal,20180213,MIN,HOU,21700849,222,2,7,2018,Right Corner 3,Right Side,R,24+ ft.,228,22,16,22,TRUE,FALSE
2017-18,1610612750,1626145,Shot Chart Detail,Tyus Jones,Minnesota Timberwolves,Made Shot,Jump Shot,3PT Field Goal,20180215,MIN,LAL,21700866,188,2,8,2018,Left Corner 3,Left Side,L,24+ ft.,-222,-12,59,22,TRUE,TRUE
2017-18,1610612750,1626145,Shot Chart Detail,Tyus Jones,Minnesota Timberwolves,Missed Shot,Jump Shot,3PT Field Goal,20180215,MIN,LAL,21700866,439,3,1,2018,Above the Break 3,Right Side Center,RC,24+ ft.,91,238,23,25,TRUE,FALSE
2017-18,1610612750,1626145,Shot Chart Detail,Tyus Jones,Minnesota Timberwolves,Made Shot,Jump Shot,3PT Field Goal,20180215,MIN,LAL,21700866,501,4,10,2018,Above the Break 3,Left Side Center,LC,24+ ft.,-203,235,15,31,TRUE,TRUE
2017-18,1610612750,1626145,Shot Chart Detail,Tyus Jones,Minnesota Timberwolves,Made Shot,Driving Finger Roll Layup Shot,2PT Field Goal,20180215,MIN,LAL,21700866,521,4,8,2018,Restricted Area,Center,C,Less Than 8 ft.,13,11,47,1,TRUE,TRUE
2017-18,1610612750,1626145,Shot Chart Detail,Tyus Jones,Minnesota Timberwolves,Missed Shot,Turnaround Jump Shot,2PT Field Goal,20180223,HOU,MIN,21700877,105,1,3,2018,Mid-Range,Left Side Center,LC,16-24 ft.,-117,148,14,18,TRUE,FALSE
2017-18,1610612750,1626145,Shot Chart Detail,Tyus Jones,Minnesota Timberwolves,Missed Shot,Jump Shot,3PT Field Goal,20180223,HOU,MIN,21700877,108,1,2,2018,Left Corner 3,Left Side,L,24+ ft.,-232,17,39,23,TRUE,FALSE
2017-18,1610612750,1626145,Shot Chart Detail,Tyus Jones,Minnesota Timberwolves,Missed Shot,Jump Shot,3PT Field Goal,20180223,HOU,MIN,21700877,500,4,9,2018,Above the Break 3,Left Side Center,LC,24+ ft.,-148,216,56,26,TRUE,FALSE
2017-18,1610612750,1626145,Shot Chart Detail,Tyus Jones,Minnesota Timberwolves,Made Shot,Jump Shot,3PT Field Goal,20180223,HOU,MIN,21700877,591,4,2,2018,Left Corner 3,Left Side,L,24+ ft.,-230,44,36,23,TRUE,TRUE
2017-18,1610612750,1626145,Shot Chart Detail,Tyus Jones,Minnesota Timberwolves,Missed Shot,Jump Shot,3PT Field Goal,20180223,HOU,MIN,21700877,610,4,0,2018,Left Corner 3,Left Side,L,24+ ft.,-229,31,43,23,TRUE,FALSE
2017-18,1610612750,1626145,Shot Chart Detail,Tyus Jones,Minnesota Timberwolves,Missed Shot,Jump Shot,3PT Field Goal,20180224,MIN,CHI,21700888,490,4,10,2018,Above the Break 3,Left Side Center,LC,24+ ft.,-153,200,32,25,TRUE,FALSE
2017-18,1610612750,1626145,Shot Chart Detail,Tyus Jones,Minnesota Timberwolves,Made Shot,Driving Layup Shot,2PT Field Goal,20180224,MIN,CHI,21700888,535,4,7,2018,Restricted Area,Center,C,Less Than 8 ft.,3,12,18,1,TRUE,TRUE
2017-18,1610612750,1626145,Shot Chart Detail,Tyus Jones,Minnesota Timberwolves,Made Shot,Jump Shot,3PT Field Goal,20180226,SAC,MIN,21700906,137,2,10,2018,Above the Break 3,Left Side Center,LC,24+ ft.,-206,155,41,25,TRUE,TRUE
2017-18,1610612750,1626145,Shot Chart Detail,Tyus Jones,Minnesota Timberwolves,Made Shot,Driving Floating Jump Shot,2PT Field Goal,20180226,SAC,MIN,21700906,429,3,0,2018,In The Paint (Non-RA),Right Side,R,8-16 ft.,58,79,29,9,TRUE,TRUE
2017-18,1610612750,1626145,Shot Chart Detail,Tyus Jones,Minnesota Timberwolves,Missed Shot,Jump Shot,3PT Field Goal,20180301,POR,MIN,21700925,485,4,11,2018,Above the Break 3,Right Side Center,RC,24+ ft.,141,202,28,24,TRUE,FALSE
2017-18,1610612750,1626145,Shot Chart Detail,Tyus Jones,Minnesota Timberwolves,Made Shot,Driving Floating Jump Shot,2PT Field Goal,20180301,POR,MIN,21700925,537,4,7,2018,In The Paint (Non-RA),Center,C,8-16 ft.,8,107,0,10,TRUE,TRUE
2017-18,1610612750,1626145,Shot Chart Detail,Tyus Jones,Minnesota Timberwolves,Made Shot,Floating Jump shot,2PT Field Goal,20180302,UTA,MIN,21700934,116,1,1,2018,In The Paint (Non-RA),Center,C,8-16 ft.,-53,111,51,12,TRUE,TRUE
2017-18,1610612750,1626145,Shot Chart Detail,Tyus Jones,Minnesota Timberwolves,Made Shot,Driving Layup Shot,2PT Field Goal,20180302,UTA,MIN,21700934,128,1,0,2018,Restricted Area,Center,C,Less Than 8 ft.,-24,3,54,2,TRUE,TRUE
2017-18,1610612750,1626145,Shot Chart Detail,Tyus Jones,Minnesota Timberwolves,Missed Shot,Driving Floating Jump Shot,2PT Field Goal,20180302,UTA,MIN,21700934,137,1,0,2018,In The Paint (Non-RA),Center,C,Less Than 8 ft.,49,43,29,6,TRUE,FALSE
2017-18,1610612750,1626145,Shot Chart Detail,Tyus Jones,Minnesota Timberwolves,Missed Shot,Jump Shot,3PT Field Goal,20180302,UTA,MIN,21700934,455,3,0,2018,Above the Break 3,Left Side Center,LC,24+ ft.,-169,207,39,26,TRUE,FALSE
2017-18,1610612750,1626145,Shot Chart Detail,Tyus Jones,Minnesota Timberwolves,Made Shot,Driving Layup Shot,2PT Field Goal,20180302,UTA,MIN,21700934,532,4,7,2018,Restricted Area,Center,C,Less Than 8 ft.,15,13,44,1,TRUE,TRUE
2017-18,1610612750,1626145,Shot Chart Detail,Tyus Jones,Minnesota Timberwolves,Missed Shot,Running Jump Shot,2PT Field Goal,20180308,MIN,BOS,21700974,91,1,3,2018,Restricted Area,Center,C,Less Than 8 ft.,13,10,43,1,TRUE,FALSE
2017-18,1610612750,1626145,Shot Chart Detail,Tyus Jones,Minnesota Timberwolves,Missed Shot,Jump Bank Shot,2PT Field Goal,20180308,MIN,BOS,21700974,182,2,8,2018,Mid-Range,Right Side,R,8-16 ft.,86,44,55,9,TRUE,FALSE
2017-18,1610612750,1626145,Shot Chart Detail,Tyus Jones,Minnesota Timberwolves,Made Shot,Jump Shot,3PT Field Goal,20180308,MIN,BOS,21700974,425,3,2,2018,Above the Break 3,Left Side Center,LC,24+ ft.,-165,179,24,24,TRUE,TRUE
2017-18,1610612750,1626145,Shot Chart Detail,Tyus Jones,Minnesota Timberwolves,Missed Shot,Jump Shot,3PT Field Goal,20180308,MIN,BOS,21700974,445,3,1,2018,Left Corner 3,Left Side,L,24+ ft.,-220,-6,11,22,TRUE,FALSE
2017-18,1610612750,1626145,Shot Chart Detail,Tyus Jones,Minnesota Timberwolves,Made Shot,Driving Layup Shot,2PT Field Goal,20180308,MIN,BOS,21700974,460,3,0,2018,Restricted Area,Center,C,Less Than 8 ft.,1,35,28,3,TRUE,TRUE
2017-18,1610612750,1626145,Shot Chart Detail,Tyus Jones,Minnesota Timberwolves,Made Shot,Pullup Jump shot,2PT Field Goal,20180311,MIN,GSW,21700994,134,1,0,2018,Mid-Range,Left Side,L,8-16 ft.,-98,38,33,10,TRUE,TRUE
2017-18,1610612750,1626145,Shot Chart Detail,Tyus Jones,Minnesota Timberwolves,Missed Shot,Driving Floating Jump Shot,2PT Field Goal,20180311,MIN,GSW,21700994,150,2,11,2018,Mid-Range,Left Side,L,8-16 ft.,-92,4,40,9,TRUE,FALSE
2017-18,1610612750,1626145,Shot Chart Detail,Tyus Jones,Minnesota Timberwolves,Made Shot,Floating Jump shot,2PT Field Goal,20180311,MIN,GSW,21700994,169,2,10,2018,In The Paint (Non-RA),Center,C,Less Than 8 ft.,-37,68,7,7,TRUE,TRUE
2017-18,1610612750,1626145,Shot Chart Detail,Tyus Jones,Minnesota Timberwolves,Made Shot,Jump Shot,2PT Field Goal,20180311,MIN,GSW,21700994,464,4,11,2018,Mid-Range,Left Side,L,16-24 ft.,-196,81,43,21,TRUE,TRUE
2017-18,1610612750,1626145,Shot Chart Detail,Tyus Jones,Minnesota Timberwolves,Made Shot,Driving Layup Shot,2PT Field Goal,20180311,MIN,GSW,21700994,468,4,11,2018,Restricted Area,Center,C,Less Than 8 ft.,-1,0,16,0,TRUE,TRUE
2017-18,1610612750,1626145,Shot Chart Detail,Tyus Jones,Minnesota Timberwolves,Made Shot,Layup Shot,2PT Field Goal,20180313,WAS,MIN,21701006,121,1,1,2018,Restricted Area,Center,C,Less Than 8 ft.,1,-1,8,0,TRUE,TRUE
2017-18,1610612750,1626145,Shot Chart Detail,Tyus Jones,Minnesota Timberwolves,Made Shot,Cutting Layup Shot,2PT Field Goal,20180313,WAS,MIN,21701006,132,1,0,2018,Restricted Area,Center,C,Less Than 8 ft.,-4,3,36,0,TRUE,TRUE
2017-18,1610612750,1626145,Shot Chart Detail,Tyus Jones,Minnesota Timberwolves,Missed Shot,Layup Shot,2PT Field Goal,20180313,WAS,MIN,21701006,155,2,10,2018,Restricted Area,Center,C,Less Than 8 ft.,-9,4,58,0,TRUE,FALSE
2017-18,1610612750,1626145,Shot Chart Detail,Tyus Jones,Minnesota Timberwolves,Missed Shot,Running Jump Shot,3PT Field Goal,20180313,WAS,MIN,21701006,460,3,0,2018,Above the Break 3,Left Side Center,LC,24+ ft.,-161,289,1,33,TRUE,FALSE
2017-18,1610612750,1626145,Shot Chart Detail,Tyus Jones,Minnesota Timberwolves,Made Shot,Floating Jump shot,2PT Field Goal,20180313,WAS,MIN,21701006,484,4,9,2018,Restricted Area,Center,C,Less Than 8 ft.,5,27,34,2,TRUE,TRUE
2017-18,1610612750,1626145,Shot Chart Detail,Tyus Jones,Minnesota Timberwolves,Missed Shot,Pullup Jump shot,3PT Field Goal,20180313,WAS,MIN,21701006,560,4,3,2018,Above the Break 3,Left Side Center,LC,24+ ft.,-93,247,10,26,TRUE,FALSE
2017-18,1610612750,1626145,Shot Chart Detail,Tyus Jones,Minnesota Timberwolves,Missed Shot,Driving Layup Shot,2PT Field Goal,20180317,SAS,MIN,21701042,144,1,1,2018,In The Paint (Non-RA),Center,C,Less Than 8 ft.,44,31,2,5,TRUE,FALSE
2017-18,1610612750,1626145,Shot Chart Detail,Tyus Jones,Minnesota Timberwolves,Made Shot,Jump Shot,3PT Field Goal,20180317,SAS,MIN,21701042,384,3,4,2018,Above the Break 3,Left Side Center,LC,24+ ft.,-130,235,38,26,TRUE,TRUE
2017-18,1610612750,1626145,Shot Chart Detail,Tyus Jones,Minnesota Timberwolves,Made Shot,Pullup Jump shot,2PT Field Goal,20180317,SAS,MIN,21701042,413,3,2,2018,Mid-Range,Left Side Center,LC,16-24 ft.,-73,151,1,16,TRUE,TRUE
2017-18,1610612750,1626145,Shot Chart Detail,Tyus Jones,Minnesota Timberwolves,Made Shot,Jump Shot,3PT Field Goal,20180317,SAS,MIN,21701042,431,3,0,2018,Above the Break 3,Left Side Center,LC,24+ ft.,-218,123,10,25,TRUE,TRUE
2017-18,1610612750,1626145,Shot Chart Detail,Tyus Jones,Minnesota Timberwolves,Missed Shot,Jump Shot,3PT Field Goal,20180318,MIN,HOU,21701048,81,1,5,2018,Above the Break 3,Center,C,24+ ft.,-33,262,11,26,TRUE,FALSE
2017-18,1610612750,1626145,Shot Chart Detail,Tyus Jones,Minnesota Timberwolves,Missed Shot,Driving Floating Jump Shot,2PT Field Goal,20180318,MIN,HOU,21701048,110,1,2,2018,Restricted Area,Center,C,Less Than 8 ft.,-10,37,17,3,TRUE,FALSE
2017-18,1610612750,1626145,Shot Chart Detail,Tyus Jones,Minnesota Timberwolves,Missed Shot,Jump Shot,3PT Field Goal,20180318,MIN,HOU,21701048,128,1,0,2018,Above the Break 3,Left Side Center,LC,24+ ft.,-116,234,41,26,TRUE,FALSE
2017-18,1610612750,1626145,Shot Chart Detail,Tyus Jones,Minnesota Timberwolves,Missed Shot,Driving Layup Shot,2PT Field Goal,20180320,MIN,LAC,21701060,144,1,1,2018,Restricted Area,Center,C,Less Than 8 ft.,3,15,17,1,TRUE,FALSE
2017-18,1610612750,1626145,Shot Chart Detail,Tyus Jones,Minnesota Timberwolves,Missed Shot,Jump Shot,2PT Field Goal,20180320,MIN,LAC,21701060,630,4,1,2018,Mid-Range,Right Side Center,RC,16-24 ft.,118,164,23,20,TRUE,FALSE
2017-18,1610612750,1626145,Shot Chart Detail,Tyus Jones,Minnesota Timberwolves,Made Shot,Driving Floating Jump Shot,2PT Field Goal,20180324,PHI,MIN,21701088,217,2,9,2018,Mid-Range,Left Side,L,8-16 ft.,-110,10,23,11,TRUE,TRUE
2017-18,1610612750,1626145,Shot Chart Detail,Tyus Jones,Minnesota Timberwolves,Made Shot,Pullup Jump shot,2PT Field Goal,20180324,PHI,MIN,21701088,522,3,1,2018,In The Paint (Non-RA),Center,C,Less Than 8 ft.,17,78,49,7,TRUE,TRUE
2017-18,1610612750,1626145,Shot Chart Detail,Tyus Jones,Minnesota Timberwolves,Made Shot,Driving Finger Roll Layup Shot,2PT Field Goal,20180324,PHI,MIN,21701088,573,4,11,2018,Restricted Area,Center,C,Less Than 8 ft.,18,5,26,1,TRUE,TRUE
2017-18,1610612750,1626145,Shot Chart Detail,Tyus Jones,Minnesota Timberwolves,Missed Shot,Pullup Jump shot,2PT Field Goal,20180324,PHI,MIN,21701088,583,4,10,2018,In The Paint (Non-RA),Center,C,8-16 ft.,-73,138,55,15,TRUE,FALSE
2017-18,1610612750,1626145,Shot Chart Detail,Tyus Jones,Minnesota Timberwolves,Made Shot,Floating Jump shot,2PT Field Goal,20180324,PHI,MIN,21701088,716,4,2,2018,In The Paint (Non-RA),Center,C,Less Than 8 ft.,13,67,21,6,TRUE,TRUE
2017-18,1610612750,1626145,Shot Chart Detail,Tyus Jones,Minnesota Timberwolves,Missed Shot,Pullup Jump shot,3PT Field Goal,20180324,PHI,MIN,21701088,722,4,2,2018,Above the Break 3,Center,C,24+ ft.,-40,247,5,25,TRUE,FALSE
2017-18,1610612750,1626145,Shot Chart Detail,Tyus Jones,Minnesota Timberwolves,Made Shot,Floating Jump shot,2PT Field Goal,20180328,MIN,ATL,21701120,110,1,2,2018,In The Paint (Non-RA),Center,C,8-16 ft.,-14,125,59,12,TRUE,TRUE
2017-18,1610612750,1626145,Shot Chart Detail,Tyus Jones,Minnesota Timberwolves,Missed Shot,Jump Shot,3PT Field Goal,20180328,MIN,ATL,21701120,114,1,2,2018,Above the Break 3,Left Side Center,LC,24+ ft.,-148,199,18,24,TRUE,FALSE
2017-18,1610612750,1626145,Shot Chart Detail,Tyus Jones,Minnesota Timberwolves,Missed Shot,Driving Finger Roll Layup Shot,2PT Field Goal,20180328,MIN,ATL,21701120,127,1,1,2018,In The Paint (Non-RA),Center,C,Less Than 8 ft.,32,34,31,4,TRUE,FALSE
2017-18,1610612750,1626145,Shot Chart Detail,Tyus Jones,Minnesota Timberwolves,Missed Shot,Jump Shot,3PT Field Goal,20180328,MIN,ATL,21701120,217,2,5,2018,Above the Break 3,Right Side Center,RC,24+ ft.,134,226,57,26,TRUE,FALSE
2017-18,1610612750,1626145,Shot Chart Detail,Tyus Jones,Minnesota Timberwolves,Missed Shot,Pullup Jump shot,2PT Field Goal,20180328,MIN,ATL,21701120,452,3,1,2018,Mid-Range,Left Side,L,8-16 ft.,-128,87,11,15,TRUE,FALSE
2017-18,1610612750,1626145,Shot Chart Detail,Tyus Jones,Minnesota Timberwolves,Missed Shot,Driving Layup Shot,2PT Field Goal,20180328,MIN,ATL,21701120,528,4,7,2018,In The Paint (Non-RA),Center,C,8-16 ft.,39,87,52,9,TRUE,FALSE
2017-18,1610612750,1626145,Shot Chart Detail,Tyus Jones,Minnesota Timberwolves,Missed Shot,Pullup Jump shot,3PT Field Goal,20180330,DAL,MIN,21701134,144,1,0,2018,Above the Break 3,Right Side Center,RC,24+ ft.,84,236,38,25,TRUE,FALSE
2017-18,1610612750,1626145,Shot Chart Detail,Tyus Jones,Minnesota Timberwolves,Made Shot,Driving Floating Bank Jump Shot,2PT Field Goal,20180330,DAL,MIN,21701134,171,2,9,2018,In The Paint (Non-RA),Center,C,Less Than 8 ft.,5,78,54,7,TRUE,TRUE
2017-18,1610612750,1626145,Shot Chart Detail,Tyus Jones,Minnesota Timberwolves,Missed Shot,Jump Shot,3PT Field Goal,20180330,DAL,MIN,21701134,293,2,1,2018,Right Corner 3,Right Side,R,24+ ft.,235,1,13,23,TRUE,FALSE
2017-18,1610612750,1626145,Shot Chart Detail,Tyus Jones,Minnesota Timberwolves,Made Shot,Jump Shot,3PT Field Goal,20180330,DAL,MIN,21701134,401,3,2,2018,Left Corner 3,Left Side,L,24+ ft.,-228,4,28,22,TRUE,TRUE
2017-18,1610612750,1626145,Shot Chart Detail,Tyus Jones,Minnesota Timberwolves,Made Shot,Cutting Layup Shot,2PT Field Goal,20180401,MIN,UTA,21701151,13,1,10,2018,Restricted Area,Center,C,Less Than 8 ft.,27,13,25,2,TRUE,TRUE
2017-18,1610612750,1626145,Shot Chart Detail,Tyus Jones,Minnesota Timberwolves,Missed Shot,Jump Shot,3PT Field Goal,20180401,MIN,UTA,21701151,28,1,8,2018,Above the Break 3,Right Side Center,RC,24+ ft.,125,235,52,26,TRUE,FALSE
2017-18,1610612750,1626145,Shot Chart Detail,Tyus Jones,Minnesota Timberwolves,Made Shot,Driving Layup Shot,2PT Field Goal,20180401,MIN,UTA,21701151,225,2,5,2018,Restricted Area,Center,C,Less Than 8 ft.,-2,1,0,0,TRUE,TRUE
2017-18,1610612750,1626145,Shot Chart Detail,Tyus Jones,Minnesota Timberwolves,Missed Shot,Driving Dunk Shot,2PT Field Goal,20180401,MIN,UTA,21701151,276,2,1,2018,Restricted Area,Center,C,Less Than 8 ft.,-6,-6,11,0,TRUE,FALSE
2017-18,1610612750,1626145,Shot Chart Detail,Tyus Jones,Minnesota Timberwolves,Missed Shot,Driving Layup Shot,2PT Field Goal,20180401,MIN,UTA,21701151,290,2,0,2018,Restricted Area,Center,C,Less Than 8 ft.,-12,5,25,1,TRUE,FALSE
2017-18,1610612750,1626145,Shot Chart Detail,Tyus Jones,Minnesota Timberwolves,Missed Shot,Finger Roll Layup Shot,2PT Field Goal,20180401,MIN,UTA,21701151,285,2,0,2018,Restricted Area,Center,C,Less Than 8 ft.,6,34,12,3,TRUE,FALSE
2017-18,1610612750,1626145,Shot Chart Detail,Tyus Jones,Minnesota Timberwolves,Made Shot,Jump Shot,3PT Field Goal,20180401,MIN,UTA,21701151,298,3,11,2018,Left Corner 3,Left Side,L,24+ ft.,-222,-11,24,22,TRUE,TRUE
2017-18,1610612750,1626145,Shot Chart Detail,Tyus Jones,Minnesota Timberwolves,Missed Shot,Jump Shot,3PT Field Goal,20180401,MIN,UTA,21701151,302,3,10,2018,Above the Break 3,Right Side Center,RC,24+ ft.,120,253,47,28,TRUE,FALSE
2017-18,1610612750,1626145,Shot Chart Detail,Tyus Jones,Minnesota Timberwolves,Missed Shot,Running Layup Shot,2PT Field Goal,20180401,MIN,UTA,21701151,329,3,7,2018,In The Paint (Non-RA),Center,C,Less Than 8 ft.,1,66,53,6,TRUE,FALSE
2017-18,1610612750,1626145,Shot Chart Detail,Tyus Jones,Minnesota Timberwolves,Made Shot,Layup Shot,2PT Field Goal,20180401,MIN,UTA,21701151,333,3,7,2018,Restricted Area,Center,C,Less Than 8 ft.,-3,5,37,0,TRUE,TRUE
2017-18,1610612750,1626145,Shot Chart Detail,Tyus Jones,Minnesota Timberwolves,Made Shot,Driving Finger Roll Layup Shot,2PT Field Goal,20180401,MIN,UTA,21701151,347,3,5,2018,Restricted Area,Center,C,Less Than 8 ft.,1,5,45,0,TRUE,TRUE
2017-18,1610612750,1626145,Shot Chart Detail,Tyus Jones,Minnesota Timberwolves,Made Shot,Jump Shot,3PT Field Goal,20180401,MIN,UTA,21701151,354,3,5,2018,Left Corner 3,Left Side,L,24+ ft.,-222,43,8,22,TRUE,TRUE
2017-18,1610612750,1626145,Shot Chart Detail,Tyus Jones,Minnesota Timberwolves,Missed Shot,Floating Jump shot,2PT Field Goal,20180401,MIN,UTA,21701151,529,4,5,2018,In The Paint (Non-RA),Center,C,8-16 ft.,-41,98,23,10,TRUE,FALSE
2017-18,1610612750,1626145,Shot Chart Detail,Tyus Jones,Minnesota Timberwolves,Missed Shot,Jump Shot,3PT Field Goal,20180405,DEN,MIN,21701180,93,1,3,2018,Above the Break 3,Center,C,24+ ft.,-52,237,21,24,TRUE,FALSE
2017-18,1610612750,1626145,Shot Chart Detail,Tyus Jones,Minnesota Timberwolves,Missed Shot,Jump Shot,3PT Field Goal,20180405,DEN,MIN,21701180,407,3,3,2018,Left Corner 3,Left Side,L,24+ ft.,-226,52,29,23,TRUE,FALSE
2017-18,1610612750,1626145,Shot Chart Detail,Tyus Jones,Minnesota Timberwolves,Missed Shot,Jump Shot,3PT Field Goal,20180405,DEN,MIN,21701180,412,3,3,2018,Above the Break 3,Center,C,24+ ft.,38,242,3,24,TRUE,FALSE
2017-18,1610612750,1626145,Shot Chart Detail,Tyus Jones,Minnesota Timberwolves,Missed Shot,Driving Floating Jump Shot,2PT Field Goal,20180405,DEN,MIN,21701180,450,3,0,2018,In The Paint (Non-RA),Center,C,Less Than 8 ft.,16,68,30,6,TRUE,FALSE
2017-18,1610612750,1626145,Shot Chart Detail,Tyus Jones,Minnesota Timberwolves,Missed Shot,Running Layup Shot,2PT Field Goal,20180406,LAL,MIN,21701190,150,1,0,2018,Restricted Area,Center,C,Less Than 8 ft.,-9,17,2,1,TRUE,FALSE
2017-18,1610612750,1626145,Shot Chart Detail,Tyus Jones,Minnesota Timberwolves,Made Shot,Jump Shot,3PT Field Goal,20180406,LAL,MIN,21701190,522,4,11,2018,Left Corner 3,Left Side,L,24+ ft.,-238,-10,38,23,TRUE,TRUE
2017-18,1610612750,1626145,Shot Chart Detail,Tyus Jones,Minnesota Timberwolves,Missed Shot,Jump Shot,3PT Field Goal,20180406,LAL,MIN,21701190,573,4,8,2018,Above the Break 3,Right Side Center,RC,24+ ft.,145,229,15,27,TRUE,FALSE
2017-18,1610612750,1626145,Shot Chart Detail,Tyus Jones,Minnesota Timberwolves,Made Shot,Jump Shot,3PT Field Goal,20180406,LAL,MIN,21701190,672,4,0,2018,Right Corner 3,Right Side,R,24+ ft.,245,68,43,25,TRUE,TRUE
2017-18,1610612750,1626145,Shot Chart Detail,Tyus Jones,Minnesota Timberwolves,Missed Shot,Jump Shot,3PT Field Goal,20180409,MIN,MEM,21701209,157,1,2,2018,Left Corner 3,Left Side,L,24+ ft.,-225,13,2,22,TRUE,FALSE
2017-18,1610612750,1626145,Shot Chart Detail,Tyus Jones,Minnesota Timberwolves,Missed Shot,Jump Shot,3PT Field Goal,20180409,MIN,MEM,21701209,185,1,0,2018,Above the Break 3,Back Court,BC,Back Court Shot,-93,410,0,42,TRUE,FALSE
2017-18,1610612750,1626145,Shot Chart Detail,Tyus Jones,Minnesota Timberwolves,Made Shot,Driving Floating Jump Shot,2PT Field Goal,20180409,MIN,MEM,21701209,230,2,9,2018,In The Paint (Non-RA),Center,C,Less Than 8 ft.,-4,71,16,7,TRUE,TRUE
2017-18,1610612750,1626145,Shot Chart Detail,Tyus Jones,Minnesota Timberwolves,Missed Shot,Jump Shot,3PT Field Goal,20180409,MIN,MEM,21701209,294,2,5,2018,Above the Break 3,Center,C,24+ ft.,55,247,3,25,TRUE,FALSE
2017-18,1610612750,1626145,Shot Chart Detail,Tyus Jones,Minnesota Timberwolves,Made Shot,Jump Shot,3PT Field Goal,20180409,MIN,MEM,21701209,326,2,3,2018,Right Corner 3,Right Side,R,24+ ft.,230,34,3,23,TRUE,TRUE
2017-18,1610612750,1626145,Shot Chart Detail,Tyus Jones,Minnesota Timberwolves,Made Shot,Jump Shot,3PT Field Goal,20180409,MIN,MEM,21701209,363,2,0,2018,Left Corner 3,Left Side,L,24+ ft.,-222,26,6,22,TRUE,TRUE
2017-18,1610612750,1626145,Shot Chart Detail,Tyus Jones,Minnesota Timberwolves,Missed Shot,Jump Shot,3PT Field Goal,20180409,MIN,MEM,21701209,527,3,0,2018,Left Corner 3,Left Side,L,24+ ft.,-226,15,34,22,TRUE,FALSE
2017-18,1610612750,1626145,Shot Chart Detail,Tyus Jones,Minnesota Timberwolves,Made Shot,Jump Shot,3PT Field Goal,20180411,MIN,DEN,21701225,181,2,10,2018,Above the Break 3,Right Side Center,RC,24+ ft.,158,193,3,24,TRUE,TRUE
